[query];id;0;it;0;ms;4538.61;MonetDB;output;4747148;
[query];id;1;it;0;ms;3898.01;MonetDB;output;4747148;
[query];id;2;it;0;ms;3888.52;MonetDB;output;4747148;
[query];id;3;it;0;ms;3934.25;MonetDB;output;4747148;
[query];id;4;it;0;ms;128.628;MonetDB;output;126100;
[query];id;5;it;0;ms;110.377;MonetDB;output;120077;
[query];id;6;it;0;ms;166.628;MonetDB;output;196438;
[query];id;7;it;0;ms;175.378;MonetDB;output;89661;
[query];id;8;it;0;ms;3936.88;MonetDB;output;2202783;
[query];id;9;it;0;ms;3688.91;MonetDB;output;0;
[query];id;10;it;0;ms;3706.81;MonetDB;output;0;
[query];id;11;it;0;ms;3682.64;MonetDB;output;0;
[query];id;12;it;0;ms;3668.76;MonetDB;output;0;
[query];id;13;it;0;ms;3684.39;MonetDB;output;0;
[query];id;14;it;0;ms;3686.91;MonetDB;output;0;
[query];id;15;it;0;ms;3855.93;MonetDB;output;4747148;
[query];id;16;it;0;ms;3862.17;MonetDB;output;4747148;
[query];id;17;it;0;ms;3874.48;MonetDB;output;4747148;
[query];id;18;it;0;ms;3891.65;MonetDB;output;4747148;
[query];id;19;it;0;ms;3861.12;MonetDB;output;4747148;
[query];id;20;it;0;ms;3872.04;MonetDB;output;4747148;
[query];id;21;it;0;ms;3861.68;MonetDB;output;4747148;
[query];id;22;it;0;ms;3853.4;MonetDB;output;4747148;
[query];id;23;it;0;ms;3862.97;MonetDB;output;4747148;
[query];id;24;it;0;ms;3869.71;MonetDB;output;4747148;
[query];id;25;it;0;ms;3884.94;MonetDB;output;4747148;
[query];id;26;it;0;ms;3865.88;MonetDB;output;4747148;
[query];id;27;it;0;ms;3864.69;MonetDB;output;4747148;
[query];id;28;it;0;ms;3885.72;MonetDB;output;4747148;
[query];id;29;it;0;ms;3859;MonetDB;output;4747148;
[query];id;30;it;0;ms;3865.39;MonetDB;output;4747148;
[query];id;31;it;0;ms;3879.93;MonetDB;output;4747148;
[query];id;32;it;0;ms;3886.77;MonetDB;output;4747148;
[query];id;33;it;0;ms;3894.76;MonetDB;output;4747148;
[query];id;34;it;0;ms;116.119;MonetDB;output;126100;
[query];id;35;it;0;ms;118.24;MonetDB;output;135455;
[query];id;36;it;0;ms;129.353;MonetDB;output;150075;
[query];id;37;it;0;ms;3877.9;MonetDB;output;4747148;
[query];id;38;it;0;ms;3875.86;MonetDB;output;1733802;
[query];id;39;it;0;ms;3696.21;MonetDB;output;0;
[query];id;40;it;0;ms;3657.41;MonetDB;output;9222;
[query];id;41;it;0;ms;3679.06;MonetDB;output;172068;
[query];id;42;it;0;ms;165.458;MonetDB;output;12314;
[query];id;43;it;0;ms;176.469;MonetDB;output;74218;
[query];id;44;it;0;ms;3903.75;MonetDB;output;1733802;
[query];id;45;it;0;ms;3678.61;MonetDB;output;2437;
[query];id;46;it;0;ms;3665.65;MonetDB;output;1680;
[query];id;47;it;0;ms;3657.49;MonetDB;output;0;
[query];id;48;it;0;ms;3692.28;MonetDB;output;194690;
[query];id;49;it;0;ms;3858.52;MonetDB;output;1733802;
[query];id;50;it;0;ms;208.133;MonetDB;output;85061;
[query];id;51;it;0;ms;3880.81;MonetDB;output;1733802;
[query];id;52;it;0;ms;3684.94;MonetDB;output;0;
[query];id;53;it;0;ms;3676.28;MonetDB;output;0;
[query];id;54;it;0;ms;3872.52;MonetDB;output;1733802;
[query];id;55;it;0;ms;3834.73;MonetDB;output;4747148;
[query];id;56;it;0;ms;3857.01;MonetDB;output;4747148;
[query];id;57;it;0;ms;3701.66;MonetDB;output;8927;
[query];id;58;it;0;ms;3873.92;MonetDB;output;4747148;
[query];id;59;it;0;ms;3686.5;MonetDB;output;0;
[query];id;60;it;0;ms;3683.72;MonetDB;output;11338;
[query];id;61;it;0;ms;3867.12;MonetDB;output;4747148;
[query];id;62;it;0;ms;3696.05;MonetDB;output;11;
[query];id;63;it;0;ms;3872.53;MonetDB;output;4747148;
[query];id;64;it;0;ms;3889.55;MonetDB;output;4747148;
[query];id;65;it;0;ms;3887.26;MonetDB;output;4747148;
[query];id;66;it;0;ms;3872.56;MonetDB;output;4747148;
[query];id;67;it;0;ms;543.364;MonetDB;output;642862;
[query];id;68;it;0;ms;3908.52;MonetDB;output;4747148;
[query];id;69;it;0;ms;3884.26;MonetDB;output;4747148;
[query];id;70;it;0;ms;547.107;MonetDB;output;642862;
[query];id;71;it;0;ms;3902.17;MonetDB;output;4747148;
[query];id;72;it;0;ms;3868.89;MonetDB;output;4747148;
[query];id;73;it;0;ms;3869.55;MonetDB;output;4747148;
[query];id;74;it;0;ms;3867.83;MonetDB;output;4747148;
[query];id;75;it;0;ms;3883.01;MonetDB;output;4747148;
[query];id;76;it;0;ms;3868.26;MonetDB;output;4747148;
[query];id;77;it;0;ms;3872.22;MonetDB;output;4747148;
[query];id;78;it;0;ms;3874.04;MonetDB;output;4747148;
[query];id;79;it;0;ms;130.822;MonetDB;output;142475;
[query];id;80;it;0;ms;114.819;MonetDB;output;126100;
[query];id;81;it;0;ms;145.678;MonetDB;output;174196;
[query];id;82;it;0;ms;184.569;MonetDB;output;211702;
[query];id;83;it;0;ms;118.3;MonetDB;output;135455;
[query];id;84;it;0;ms;179.469;MonetDB;output;211702;
[query];id;85;it;0;ms;113.664;MonetDB;output;126100;
[query];id;86;it;0;ms;172.806;MonetDB;output;203357;
[query];id;87;it;0;ms;207.897;MonetDB;output;241838;
[query];id;88;it;0;ms;3885.74;MonetDB;output;4747148;
[query];id;89;it;0;ms;3874.14;MonetDB;output;4747148;
[query];id;90;it;0;ms;194.709;MonetDB;output;226596;
[query];id;91;it;0;ms;110.263;MonetDB;output;116915;
[query];id;92;it;0;ms;23.2797;MonetDB;output;15899;
[query];id;93;it;0;ms;31.8869;MonetDB;output;32553;
[query];id;94;it;0;ms;27.6603;MonetDB;output;27668;
[query];id;95;it;0;ms;3855;MonetDB;output;4747148;
[query];id;96;it;0;ms;3890.42;MonetDB;output;4747148;
[query];id;97;it;0;ms;213.121;MonetDB;output;244503;
[query];id;98;it;0;ms;192.746;MonetDB;output;226596;
[query];id;99;it;0;ms;147.168;MonetDB;output;170378;
[query];id;100;it;0;ms;3886.78;MonetDB;output;4747148;
[query];id;101;it;0;ms;3856.34;MonetDB;output;4747148;
[query];id;102;it;0;ms;3889.41;MonetDB;output;4747148;
[query];id;103;it;0;ms;3883.7;MonetDB;output;4747148;
[query];id;104;it;0;ms;3876.06;MonetDB;output;4747148;
[query];id;105;it;0;ms;3867.46;MonetDB;output;4747148;
[query];id;106;it;0;ms;3884.35;MonetDB;output;4747148;
[query];id;107;it;0;ms;3870.31;MonetDB;output;4747148;
[query];id;108;it;0;ms;564.214;MonetDB;output;669986;
[query];id;109;it;0;ms;21.8061;MonetDB;output;19580;
[query];id;110;it;0;ms;20.3751;MonetDB;output;10401;
[query];id;111;it;0;ms;22.8116;MonetDB;output;19580;
[query];id;112;it;0;ms;20.8092;MonetDB;output;19580;
[query];id;113;it;0;ms;19.9085;MonetDB;output;19580;
[query];id;114;it;0;ms;18.2753;MonetDB;output;17815;
[query];id;115;it;0;ms;20.1469;MonetDB;output;17389;
[query];id;116;it;0;ms;18.6515;MonetDB;output;15286;
[query];id;117;it;0;ms;18.4594;MonetDB;output;17897;
[query];id;118;it;0;ms;17.4259;MonetDB;output;15286;
[query];id;119;it;0;ms;33.3001;MonetDB;output;34139;
[query];id;120;it;0;ms;32.5656;MonetDB;output;34857;
[query];id;121;it;0;ms;26.5891;MonetDB;output;27668;
[query];id;122;it;0;ms;17.1884;MonetDB;output;15899;
[query];id;123;it;0;ms;551.371;MonetDB;output;665951;
[query];id;124;it;0;ms;18.5005;MonetDB;output;17350;
[query];id;125;it;0;ms;30.2564;MonetDB;output;32553;
[query];id;126;it;0;ms;35.0106;MonetDB;output;37565;
[query];id;127;it;0;ms;3904.51;MonetDB;output;4747148;
[query];id;128;it;0;ms;3875.21;MonetDB;output;4747148;
[query];id;129;it;0;ms;3882.42;MonetDB;output;4747148;
[query];id;130;it;0;ms;3861.68;MonetDB;output;4747148;
[query];id;131;it;0;ms;3707.45;MonetDB;output;725;
[query];id;132;it;0;ms;3711.66;MonetDB;output;0;
[query];id;133;it;0;ms;3707.12;MonetDB;output;8;
[query];id;134;it;0;ms;3696.6;MonetDB;output;0;
[query];id;135;it;0;ms;3685.75;MonetDB;output;602;
[query];id;136;it;0;ms;3663.76;MonetDB;output;9000;
[query];id;137;it;0;ms;3860.85;MonetDB;output;4747148;
[query];id;138;it;0;ms;3859.61;MonetDB;output;4747148;
[query];id;139;it;0;ms;543.017;MonetDB;output;642862;
[query];id;140;it;0;ms;551.317;MonetDB;output;665951;
[query];id;141;it;0;ms;611.491;MonetDB;output;730501;
[query];id;142;it;0;ms;3864.4;MonetDB;output;4747148;
[query];id;143;it;0;ms;3686.67;MonetDB;output;0;
[query];id;144;it;0;ms;3858.97;MonetDB;output;4747148;
[query];id;145;it;0;ms;3688.23;MonetDB;output;0;
[query];id;146;it;0;ms;3712.57;MonetDB;output;8937;
[query];id;147;it;0;ms;3704.03;MonetDB;output;0;
[query];id;148;it;0;ms;3696.96;MonetDB;output;9206;
[query];id;149;it;0;ms;3865.78;MonetDB;output;4747148;
[query];id;150;it;0;ms;3684.94;MonetDB;output;41;
[query];id;151;it;0;ms;3712.87;MonetDB;output;2323;
[query];id;152;it;0;ms;3696;MonetDB;output;59;
[query];id;153;it;0;ms;3667.12;MonetDB;output;0;
[query];id;154;it;0;ms;3878.45;MonetDB;output;4747148;
[query];id;155;it;0;ms;3683.21;MonetDB;output;0;
[query];id;156;it;0;ms;3678.17;MonetDB;output;0;
[query];id;157;it;0;ms;3875.44;MonetDB;output;4747148;
[query];id;158;it;0;ms;3878.22;MonetDB;output;4747148;
[query];id;159;it;0;ms;3868.09;MonetDB;output;4747148;
[query];id;160;it;0;ms;3707.19;MonetDB;output;0;
[query];id;161;it;0;ms;3721.37;MonetDB;output;0;
[query];id;162;it;0;ms;3865.97;MonetDB;output;4747148;
[query];id;163;it;0;ms;3712.76;MonetDB;output;0;
[query];id;164;it;0;ms;4273.77;MonetDB;output;4747148;
[query];id;165;it;0;ms;3674.76;MonetDB;output;0;
[query];id;166;it;0;ms;3906.18;MonetDB;output;4747148;
[query];id;167;it;0;ms;3875.73;MonetDB;output;4747148;
[query];id;168;it;0;ms;3702.45;MonetDB;output;0;
[query];id;169;it;0;ms;3702.64;MonetDB;output;0;
[query];id;170;it;0;ms;3678.95;MonetDB;output;0;
[query];id;171;it;0;ms;3869.29;MonetDB;output;4747148;
[query];id;172;it;0;ms;3694.37;MonetDB;output;0;
[query];id;173;it;0;ms;3889.75;MonetDB;output;4747148;
[query];id;174;it;0;ms;3703.65;MonetDB;output;0;
[query];id;175;it;0;ms;3904.15;MonetDB;output;4747148;
[query];id;176;it;0;ms;3875.64;MonetDB;output;4747148;
[query];id;177;it;0;ms;3884.18;MonetDB;output;4747148;
[query];id;178;it;0;ms;3871.98;MonetDB;output;4747148;
[query];id;179;it;0;ms;3886.26;MonetDB;output;4747148;
[query];id;180;it;0;ms;3871.08;MonetDB;output;4747148;
[query];id;181;it;0;ms;3886.22;MonetDB;output;4747148;
[query];id;182;it;0;ms;3877.75;MonetDB;output;4747148;
[query];id;183;it;0;ms;3870.23;MonetDB;output;4747148;
[query];id;184;it;0;ms;3896.78;MonetDB;output;4747148;
[query];id;185;it;0;ms;157.388;MonetDB;output;170378;
[query];id;186;it;0;ms;118.419;MonetDB;output;126100;
[query];id;187;it;0;ms;172.956;MonetDB;output;203357;
[query];id;188;it;0;ms;110.895;MonetDB;output;116915;
[query];id;189;it;0;ms;116.604;MonetDB;output;124118;
[query];id;190;it;0;ms;172.655;MonetDB;output;196438;
[query];id;191;it;0;ms;209.418;MonetDB;output;241838;
[query];id;192;it;0;ms;191.359;MonetDB;output;224870;
[query];id;193;it;0;ms;139.036;MonetDB;output;150075;
[query];id;194;it;0;ms;110.539;MonetDB;output;116915;
[query];id;195;it;0;ms;161.207;MonetDB;output;170378;
[query];id;196;it;0;ms;186.184;MonetDB;output;211702;
[query];id;197;it;0;ms;213.033;MonetDB;output;241838;
[query];id;198;it;0;ms;212.594;MonetDB;output;246808;
[query];id;199;it;0;ms;199.882;MonetDB;output;0;
[query];id;200;it;0;ms;202.72;MonetDB;output;0;
[query];id;201;it;0;ms;201.811;MonetDB;output;0;
[query];id;202;it;0;ms;3879.56;MonetDB;output;4747148;
[query];id;203;it;0;ms;3890.19;MonetDB;output;4747148;
[query];id;204;it;0;ms;3900.52;MonetDB;output;4747148;
[query];id;205;it;0;ms;3874.13;MonetDB;output;4747148;
[query];id;206;it;0;ms;3684.41;MonetDB;output;0;
[query];id;207;it;0;ms;3706.68;MonetDB;output;0;
[query];id;208;it;0;ms;3707.16;MonetDB;output;0;
[query];id;209;it;0;ms;3687.48;MonetDB;output;0;
[query];id;210;it;0;ms;3714.54;MonetDB;output;0;
[query];id;211;it;0;ms;3731.33;MonetDB;output;0;
[query];id;212;it;0;ms;3889.13;MonetDB;output;4747148;
[query];id;213;it;0;ms;3710.65;MonetDB;output;0;
[query];id;214;it;0;ms;3677.38;MonetDB;output;0;
[query];id;215;it;0;ms;3697.43;MonetDB;output;0;
[query];id;216;it;0;ms;3720.3;MonetDB;output;0;
[query];id;217;it;0;ms;3700.71;MonetDB;output;0;
[query];id;218;it;0;ms;3700.9;MonetDB;output;0;
[query];id;219;it;0;ms;3901.69;MonetDB;output;4747148;
[query];id;220;it;0;ms;3705.51;MonetDB;output;0;
[query];id;221;it;0;ms;3698.69;MonetDB;output;0;
[query];id;222;it;0;ms;3699.51;MonetDB;output;0;
[query];id;223;it;0;ms;3706.18;MonetDB;output;0;
[query];id;224;it;0;ms;3695.26;MonetDB;output;0;
[query];id;225;it;0;ms;3900.56;MonetDB;output;4747148;
[query];id;226;it;0;ms;3695.4;MonetDB;output;0;
[query];id;227;it;0;ms;3691.15;MonetDB;output;0;
[query];id;228;it;0;ms;3704.68;MonetDB;output;0;
[query];id;229;it;0;ms;3880.69;MonetDB;output;4747148;
[query];id;230;it;0;ms;3908.62;MonetDB;output;4747148;
[query];id;231;it;0;ms;3686.23;MonetDB;output;0;
[query];id;232;it;0;ms;3884.09;MonetDB;output;4747148;
[query];id;233;it;0;ms;3908.96;MonetDB;output;4747148;
[query];id;234;it;0;ms;3879.11;MonetDB;output;4747148;
[query];id;235;it;0;ms;3685.76;MonetDB;output;9739;
[query];id;236;it;0;ms;3721.29;MonetDB;output;834;
[query];id;237;it;0;ms;3694.44;MonetDB;output;33;
[query];id;238;it;0;ms;3723.46;MonetDB;output;17003;
[query];id;239;it;0;ms;3716.13;MonetDB;output;21671;
[query];id;240;it;0;ms;3712.95;MonetDB;output;21876;
[query];id;241;it;0;ms;3695.76;MonetDB;output;9242;
[query];id;242;it;0;ms;3695.5;MonetDB;output;14;
[query];id;243;it;0;ms;3681.3;MonetDB;output;32;
[query];id;244;it;0;ms;3690.78;MonetDB;output;20;
[query];id;245;it;0;ms;3685.99;MonetDB;output;2301;
[query];id;246;it;0;ms;3683.14;MonetDB;output;2299;
[query];id;247;it;0;ms;3873.07;MonetDB;output;4747148;
[query];id;248;it;0;ms;3874.06;MonetDB;output;4747148;
[query];id;249;it;0;ms;3881.27;MonetDB;output;4747148;
[query];id;250;it;0;ms;3887.92;MonetDB;output;4747148;
[query];id;251;it;0;ms;3895.97;MonetDB;output;4747148;
[query];id;252;it;0;ms;3887.85;MonetDB;output;4747148;
[query];id;253;it;0;ms;114.567;MonetDB;output;124118;
[query];id;254;it;0;ms;214.884;MonetDB;output;244503;
[query];id;255;it;0;ms;109.779;MonetDB;output;116915;
[query];id;256;it;0;ms;26.3679;MonetDB;output;15743;
[query];id;257;it;0;ms;3891.17;MonetDB;output;4747148;
[query];id;258;it;0;ms;3891.87;MonetDB;output;4747148;
[query];id;259;it;0;ms;122.107;MonetDB;output;124118;
[query];id;260;it;0;ms;3877.54;MonetDB;output;4747148;
[query];id;261;it;0;ms;3886.72;MonetDB;output;4747148;
[query];id;262;it;0;ms;3878.59;MonetDB;output;4747148;
[query];id;263;it;0;ms;3876.11;MonetDB;output;4747148;
[query];id;264;it;0;ms;3870.89;MonetDB;output;4747148;
[query];id;265;it;0;ms;3902.33;MonetDB;output;4747148;
[query];id;266;it;0;ms;217.088;MonetDB;output;249538;
[query];id;267;it;0;ms;172.814;MonetDB;output;196438;
[query];id;268;it;0;ms;122.75;MonetDB;output;135455;
[query];id;269;it;0;ms;193.63;MonetDB;output;224870;
[query];id;270;it;0;ms;220.5;MonetDB;output;244003;
[query];id;271;it;0;ms;210.331;MonetDB;output;240312;
[query];id;272;it;0;ms;217.71;MonetDB;output;249538;
[query];id;273;it;0;ms;200.449;MonetDB;output;226596;
[query];id;274;it;0;ms;3878.16;MonetDB;output;4747148;
[query];id;275;it;0;ms;208.594;MonetDB;output;235767;
[query];id;276;it;0;ms;210.422;MonetDB;output;246808;
[query];id;277;it;0;ms;219.129;MonetDB;output;244503;
[query];id;278;it;0;ms;196.383;MonetDB;output;226596;
[query];id;279;it;0;ms;218.077;MonetDB;output;249538;
[query];id;280;it;0;ms;37.7457;MonetDB;output;33559;
[query];id;281;it;0;ms;45.5678;MonetDB;output;37994;
[query];id;282;it;0;ms;33.792;MonetDB;output;29514;
[query];id;283;it;0;ms;30.7265;MonetDB;output;25399;
[query];id;284;it;0;ms;42.2268;MonetDB;output;33982;
[query];id;285;it;0;ms;35.2271;MonetDB;output;31643;
[query];id;286;it;0;ms;35.6044;MonetDB;output;31484;
[query];id;287;it;0;ms;37.9999;MonetDB;output;32653;
[query];id;288;it;0;ms;38.3228;MonetDB;output;33982;
[query];id;289;it;0;ms;34.6135;MonetDB;output;29338;
[query];id;290;it;0;ms;37.0558;MonetDB;output;31484;
[query];id;291;it;0;ms;36.5535;MonetDB;output;31484;
[query];id;292;it;0;ms;30.3729;MonetDB;output;25399;
[query];id;293;it;0;ms;24.7727;MonetDB;output;17897;
[query];id;294;it;0;ms;34.7793;MonetDB;output;31508;
[query];id;295;it;0;ms;35.6635;MonetDB;output;32653;
[query];id;296;it;0;ms;39.4509;MonetDB;output;35681;
[query];id;297;it;0;ms;42.6421;MonetDB;output;37773;
[query];id;298;it;0;ms;37.5481;MonetDB;output;34139;
[query];id;299;it;0;ms;39.116;MonetDB;output;34505;
[query];id;300;it;0;ms;38.8442;MonetDB;output;34857;
[query];id;301;it;0;ms;37.344;MonetDB;output;35640;
[query];id;302;it;0;ms;40.4001;MonetDB;output;34592;
[query];id;303;it;0;ms;37.6787;MonetDB;output;33559;
[query];id;304;it;0;ms;38.7944;MonetDB;output;34505;
[query];id;305;it;0;ms;27.1836;MonetDB;output;21297;
[query];id;306;it;0;ms;22.4252;MonetDB;output;15899;
[query];id;307;it;0;ms;31.3212;MonetDB;output;25142;
[query];id;308;it;0;ms;38.7821;MonetDB;output;32553;
[query];id;309;it;0;ms;38.1356;MonetDB;output;35515;
[query];id;310;it;0;ms;43.0677;MonetDB;output;36612;
[query];id;311;it;0;ms;35.7043;MonetDB;output;29967;
[query];id;312;it;0;ms;40.2945;MonetDB;output;33588;
[query];id;313;it;0;ms;39.5338;MonetDB;output;36383;
[query];id;314;it;0;ms;40.0433;MonetDB;output;37994;
[query];id;315;it;0;ms;23.0076;MonetDB;output;17558;
[query];id;316;it;0;ms;20.9887;MonetDB;output;15899;
[query];id;317;it;0;ms;26.4419;MonetDB;output;15899;
[query];id;318;it;0;ms;23.8467;MonetDB;output;16790;
[query];id;319;it;0;ms;38.2903;MonetDB;output;34505;
[query];id;320;it;0;ms;37.2525;MonetDB;output;237;
[query];id;321;it;0;ms;37.2515;MonetDB;output;0;
[query];id;322;it;0;ms;37.7099;MonetDB;output;1581;
[query];id;323;it;0;ms;36.233;MonetDB;output;34505;
[query];id;324;it;0;ms;34.7035;MonetDB;output;3;
[query];id;325;it;0;ms;36.6188;MonetDB;output;0;
[query];id;326;it;0;ms;38.1224;MonetDB;output;34505;
[query];id;327;it;0;ms;38.3196;MonetDB;output;0;
[query];id;328;it;0;ms;40.8317;MonetDB;output;34505;
[query];id;329;it;0;ms;36.8508;MonetDB;output;3;
[query];id;330;it;0;ms;37.6521;MonetDB;output;34505;
[query];id;331;it;0;ms;40.9046;MonetDB;output;37486;
[query];id;332;it;0;ms;38.3812;MonetDB;output;2;
[query];id;333;it;0;ms;35.9839;MonetDB;output;0;
[query];id;334;it;0;ms;36.833;MonetDB;output;0;
[query];id;335;it;0;ms;38.6095;MonetDB;output;37486;
[query];id;336;it;0;ms;39.8322;MonetDB;output;0;
[query];id;337;it;0;ms;41.3914;MonetDB;output;37486;
[query];id;338;it;0;ms;37.7303;MonetDB;output;0;
[query];id;339;it;0;ms;38.6364;MonetDB;output;0;
[query];id;340;it;0;ms;37.4772;MonetDB;output;0;
[query];id;341;it;0;ms;37.8797;MonetDB;output;0;
[query];id;342;it;0;ms;30.4011;MonetDB;output;0;
[query];id;343;it;0;ms;36.0552;MonetDB;output;0;
[query];id;344;it;0;ms;38.0158;MonetDB;output;0;
[query];id;345;it;0;ms;35.5962;MonetDB;output;0;
[query];id;346;it;0;ms;38.1414;MonetDB;output;0;
[query];id;347;it;0;ms;35.5802;MonetDB;output;0;
[query];id;348;it;0;ms;37.4799;MonetDB;output;0;
[query];id;349;it;0;ms;36.2464;MonetDB;output;0;
[query];id;350;it;0;ms;36.4518;MonetDB;output;0;
[query];id;351;it;0;ms;35.2126;MonetDB;output;0;
[query];id;352;it;0;ms;37.8043;MonetDB;output;0;
[query];id;353;it;0;ms;34.627;MonetDB;output;0;
[query];id;354;it;0;ms;36.1863;MonetDB;output;0;
[query];id;355;it;0;ms;34.1508;MonetDB;output;0;
[query];id;356;it;0;ms;33.6153;MonetDB;output;0;
[query];id;357;it;0;ms;34.8113;MonetDB;output;0;
[query];id;358;it;0;ms;34.3198;MonetDB;output;0;
[query];id;359;it;0;ms;37.1444;MonetDB;output;32830;
[query];id;360;it;0;ms;33.497;MonetDB;output;0;
[query];id;361;it;0;ms;38.3802;MonetDB;output;32830;
[query];id;362;it;0;ms;35.6946;MonetDB;output;0;
[query];id;363;it;0;ms;35.3071;MonetDB;output;0;
[query];id;364;it;0;ms;40.1751;MonetDB;output;32830;
[query];id;365;it;0;ms;34.7307;MonetDB;output;0;
[query];id;366;it;0;ms;35.7745;MonetDB;output;0;
[query];id;367;it;0;ms;37.454;MonetDB;output;32830;
[query];id;368;it;0;ms;39.8454;MonetDB;output;0;
[query];id;369;it;0;ms;3897.82;MonetDB;output;4747148;
[query];id;370;it;0;ms;3871.19;MonetDB;output;4747148;
[query];id;371;it;0;ms;3871.56;MonetDB;output;4747148;
[query];id;372;it;0;ms;3889.64;MonetDB;output;4747148;
[query];id;373;it;0;ms;3873.19;MonetDB;output;4747148;
[query];id;374;it;0;ms;3884.29;MonetDB;output;4747148;
[query];id;375;it;0;ms;3880.18;MonetDB;output;4747148;
[query];id;376;it;0;ms;3890.84;MonetDB;output;4747148;
[query];id;377;it;0;ms;3873.25;MonetDB;output;4747148;
[query];id;378;it;0;ms;3878.7;MonetDB;output;4747148;
[query];id;379;it;0;ms;3891.29;MonetDB;output;4747148;
[query];id;380;it;0;ms;3889.02;MonetDB;output;4747148;
[query];id;381;it;0;ms;210.694;MonetDB;output;238399;
[query];id;382;it;0;ms;3929.46;MonetDB;output;4747148;
[query];id;383;it;0;ms;3894.72;MonetDB;output;4747148;
[query];id;384;it;0;ms;3700.61;MonetDB;output;0;
[query];id;385;it;0;ms;3906.14;MonetDB;output;4747148;
[query];id;386;it;0;ms;3891.08;MonetDB;output;4747148;
[query];id;387;it;0;ms;3890.57;MonetDB;output;4747148;
[query];id;388;it;0;ms;3899.26;MonetDB;output;4747148;
[query];id;389;it;0;ms;3901.93;MonetDB;output;4747148;
[query];id;390;it;0;ms;3867.56;MonetDB;output;4747148;
[query];id;391;it;0;ms;3874.91;MonetDB;output;4747148;
[query];id;392;it;0;ms;3887.49;MonetDB;output;4747148;
[query];id;393;it;0;ms;3881.43;MonetDB;output;4747148;
[query];id;394;it;0;ms;3880.91;MonetDB;output;4747148;
[query];id;395;it;0;ms;3870.98;MonetDB;output;4747148;
[query];id;396;it;0;ms;3892.29;MonetDB;output;4747148;
[query];id;397;it;0;ms;3872.79;MonetDB;output;4747148;
[query];id;398;it;0;ms;3876.45;MonetDB;output;4747148;
[query];id;399;it;0;ms;3881.08;MonetDB;output;4747148;
[query];id;400;it;0;ms;157.105;MonetDB;output;170378;
[query];id;401;it;0;ms;200.719;MonetDB;output;226596;
[query];id;402;it;0;ms;210.568;MonetDB;output;235767;
[query];id;403;it;0;ms;224.532;MonetDB;output;249538;
[query];id;404;it;0;ms;122.203;MonetDB;output;124118;
[query];id;405;it;0;ms;175.404;MonetDB;output;203357;
[query];id;406;it;0;ms;122.391;MonetDB;output;126100;
[query];id;407;it;0;ms;179.562;MonetDB;output;196438;
[query];id;408;it;0;ms;211.817;MonetDB;output;241838;
[query];id;409;it;0;ms;207.79;MonetDB;output;238399;
[query];id;410;it;0;ms;174.653;MonetDB;output;196438;
[query];id;411;it;0;ms;181.598;MonetDB;output;124118;
[query];id;412;it;0;ms;116.057;MonetDB;output;126100;
[query];id;413;it;0;ms;193.393;MonetDB;output;211702;
[query];id;414;it;0;ms;206.824;MonetDB;output;235767;
[query];id;415;it;0;ms;134.065;MonetDB;output;150075;
[query];id;416;it;0;ms;213.468;MonetDB;output;246808;
[query];id;417;it;0;ms;207.224;MonetDB;output;240312;
[query];id;418;it;0;ms;131.36;MonetDB;output;142475;
[query];id;419;it;0;ms;173.847;MonetDB;output;196438;
[query];id;420;it;0;ms;215.641;MonetDB;output;249538;
[query];id;421;it;0;ms;213.755;MonetDB;output;235767;
[query];id;422;it;0;ms;209.559;MonetDB;output;246808;
[query];id;423;it;0;ms;123.722;MonetDB;output;124118;
[query];id;424;it;0;ms;112.624;MonetDB;output;120077;
[query];id;425;it;0;ms;123.152;MonetDB;output;135455;
[query];id;426;it;0;ms;179.492;MonetDB;output;196438;
[query];id;427;it;0;ms;213.316;MonetDB;output;244503;
[query];id;428;it;0;ms;190.196;MonetDB;output;211702;
[query];id;429;it;0;ms;218.973;MonetDB;output;249538;
[query];id;430;it;0;ms;120.242;MonetDB;output;116915;
[query];id;431;it;0;ms;120.02;MonetDB;output;126100;
[query];id;432;it;0;ms;140.167;MonetDB;output;150075;
[query];id;433;it;0;ms;182.439;MonetDB;output;203357;
[query];id;434;it;0;ms;114.381;MonetDB;output;120077;
[query];id;435;it;0;ms;205.348;MonetDB;output;235767;
[query];id;436;it;0;ms;206.241;MonetDB;output;240312;
[query];id;437;it;0;ms;214.456;MonetDB;output;246808;
[query];id;438;it;0;ms;175.215;MonetDB;output;196438;
[query];id;439;it;0;ms;195.217;MonetDB;output;226596;
[query];id;440;it;0;ms;217.993;MonetDB;output;249538;
[query];id;441;it;0;ms;196.386;MonetDB;output;226596;
[query];id;442;it;0;ms;156.977;MonetDB;output;170378;
[query];id;443;it;0;ms;180.999;MonetDB;output;196438;
[query];id;444;it;0;ms;186.769;MonetDB;output;211702;
[query];id;445;it;0;ms;199.159;MonetDB;output;226596;
[query];id;446;it;0;ms;185.121;MonetDB;output;211702;
[query];id;447;it;0;ms;177.372;MonetDB;output;0;
[query];id;448;it;0;ms;176.399;MonetDB;output;0;
[query];id;449;it;0;ms;175.578;MonetDB;output;0;
[query];id;450;it;0;ms;189.695;MonetDB;output;211702;
[query];id;451;it;0;ms;188.772;MonetDB;output;211702;
[query];id;452;it;0;ms;177.151;MonetDB;output;0;
[query];id;453;it;0;ms;185.098;MonetDB;output;211702;
[query];id;454;it;0;ms;190.303;MonetDB;output;211702;
[query];id;455;it;0;ms;179.405;MonetDB;output;0;
[query];id;456;it;0;ms;183.836;MonetDB;output;211702;
[query];id;457;it;0;ms;174.1;MonetDB;output;0;
[query];id;458;it;0;ms;177.34;MonetDB;output;0;
[query];id;459;it;0;ms;190.185;MonetDB;output;211702;
[query];id;460;it;0;ms;189.185;MonetDB;output;211702;
[query];id;461;it;0;ms;178.305;MonetDB;output;0;
[query];id;462;it;0;ms;174.706;MonetDB;output;0;
[query];id;463;it;0;ms;177.428;MonetDB;output;0;
[query];id;464;it;0;ms;175.006;MonetDB;output;0;
[query];id;465;it;0;ms;186.881;MonetDB;output;211702;
[query];id;466;it;0;ms;212.085;MonetDB;output;240312;
[query];id;467;it;0;ms;203.556;MonetDB;output;235767;
[query];id;468;it;0;ms;210.134;MonetDB;output;246808;
[query];id;469;it;0;ms;201.804;MonetDB;output;0;
[query];id;470;it;0;ms;223.473;MonetDB;output;246808;
[query];id;471;it;0;ms;118.154;MonetDB;output;116915;
[query];id;472;it;0;ms;126.83;MonetDB;output;135455;
[query];id;473;it;0;ms;205.694;MonetDB;output;233619;
[query];id;474;it;0;ms;209.307;MonetDB;output;244003;
[query];id;475;it;0;ms;214.833;MonetDB;output;246808;
[query];id;476;it;0;ms;217.544;MonetDB;output;244503;
[query];id;477;it;0;ms;115.79;MonetDB;output;126100;
[query];id;478;it;0;ms;212.66;MonetDB;output;244503;
[query];id;479;it;0;ms;214.629;MonetDB;output;244503;
[query];id;480;it;0;ms;217.482;MonetDB;output;244503;
[query];id;481;it;0;ms;210.145;MonetDB;output;244503;
[query];id;482;it;0;ms;214.635;MonetDB;output;244503;
[query];id;483;it;0;ms;221.784;MonetDB;output;244503;
[query];id;484;it;0;ms;215.022;MonetDB;output;244503;
[query];id;485;it;0;ms;216.623;MonetDB;output;244503;
[query];id;486;it;0;ms;213.968;MonetDB;output;244503;
[query];id;487;it;0;ms;205.393;MonetDB;output;0;
[query];id;488;it;0;ms;200.326;MonetDB;output;0;
[query];id;489;it;0;ms;200.925;MonetDB;output;0;
[query];id;490;it;0;ms;214.36;MonetDB;output;244503;
[query];id;491;it;0;ms;204.407;MonetDB;output;0;
[query];id;492;it;0;ms;204.602;MonetDB;output;0;
[query];id;493;it;0;ms;203.05;MonetDB;output;0;
[query];id;494;it;0;ms;214.861;MonetDB;output;244503;
[query];id;495;it;0;ms;212.957;MonetDB;output;244503;
[query];id;496;it;0;ms;205.773;MonetDB;output;235767;
[query];id;497;it;0;ms;207.439;MonetDB;output;240312;
[query];id;498;it;0;ms;3860.63;MonetDB;output;4747148;
[query];id;499;it;0;ms;211.007;MonetDB;output;240312;
[query];id;500;it;0;ms;3877.28;MonetDB;output;4747148;
[query];id;501;it;0;ms;3884.56;MonetDB;output;4747148;
[query];id;502;it;0;ms;3897.58;MonetDB;output;4747148;
[query];id;503;it;0;ms;3727.98;MonetDB;output;0;
[query];id;504;it;0;ms;3887.09;MonetDB;output;4747148;
[query];id;505;it;0;ms;3880.19;MonetDB;output;4747148;
[query];id;506;it;0;ms;3694.49;MonetDB;output;0;
[query];id;507;it;0;ms;3881.76;MonetDB;output;4747148;
[query];id;508;it;0;ms;3906.22;MonetDB;output;4747148;
[query];id;509;it;0;ms;3670.24;MonetDB;output;0;
[query];id;510;it;0;ms;3865.01;MonetDB;output;4747148;
[query];id;511;it;0;ms;3870.5;MonetDB;output;4747148;
[query];id;512;it;0;ms;3690.26;MonetDB;output;0;
[query];id;513;it;0;ms;3887.72;MonetDB;output;4747148;
[query];id;514;it;0;ms;3899.2;MonetDB;output;4747148;
[query];id;515;it;0;ms;3681.29;MonetDB;output;0;
[query];id;516;it;0;ms;3879.09;MonetDB;output;4747148;
[query];id;517;it;0;ms;3888.16;MonetDB;output;4747148;
[query];id;518;it;0;ms;3696.51;MonetDB;output;0;
[query];id;519;it;0;ms;3875.75;MonetDB;output;4747148;
[query];id;520;it;0;ms;3894.7;MonetDB;output;4747148;
[query];id;521;it;0;ms;3696.35;MonetDB;output;0;
[query];id;522;it;0;ms;3892.42;MonetDB;output;4747148;
[query];id;523;it;0;ms;3886.38;MonetDB;output;4747148;
[query];id;524;it;0;ms;3871.57;MonetDB;output;4747148;
[query];id;525;it;0;ms;3883.56;MonetDB;output;4747148;
[query];id;526;it;0;ms;3921.81;MonetDB;output;4747148;
[query];id;527;it;0;ms;3716.54;MonetDB;output;0;
[query];id;528;it;0;ms;3903.96;MonetDB;output;4747148;
[query];id;529;it;0;ms;3702.39;MonetDB;output;0;
[query];id;530;it;0;ms;3873.44;MonetDB;output;4747148;
[query];id;531;it;0;ms;3901.11;MonetDB;output;4747148;
[query];id;532;it;0;ms;3896.56;MonetDB;output;4747148;
[query];id;533;it;0;ms;3891.06;MonetDB;output;4747148;
[query];id;534;it;0;ms;3925.32;MonetDB;output;4747148;
[query];id;535;it;0;ms;3889.83;MonetDB;output;4747148;
[query];id;536;it;0;ms;3859.4;MonetDB;output;4747148;
[query];id;537;it;0;ms;3696.76;MonetDB;output;0;
[query];id;538;it;0;ms;3874.68;MonetDB;output;4747148;
[query];id;539;it;0;ms;3912.34;MonetDB;output;4747148;
[query];id;540;it;0;ms;3716.88;MonetDB;output;0;
[query];id;541;it;0;ms;3911.36;MonetDB;output;4747148;
[query];id;542;it;0;ms;3915.25;MonetDB;output;4747148;
[query];id;543;it;0;ms;3722.45;MonetDB;output;0;
[query];id;544;it;0;ms;3897.6;MonetDB;output;4747148;
[query];id;545;it;0;ms;3904.37;MonetDB;output;4747148;
[query];id;546;it;0;ms;3720.33;MonetDB;output;0;
[query];id;547;it;0;ms;3883.58;MonetDB;output;4747148;
[query];id;548;it;0;ms;3886.13;MonetDB;output;4747148;
[query];id;549;it;0;ms;3705.42;MonetDB;output;0;
[query];id;550;it;0;ms;3880.42;MonetDB;output;4747148;
[query];id;551;it;0;ms;3686.15;MonetDB;output;0;
[query];id;552;it;0;ms;3678.68;MonetDB;output;0;
[query];id;553;it;0;ms;3866.64;MonetDB;output;4747148;
[query];id;554;it;0;ms;3873.21;MonetDB;output;4747148;
[query];id;555;it;0;ms;3898.69;MonetDB;output;4747148;
[query];id;556;it;0;ms;3701.02;MonetDB;output;0;
[query];id;557;it;0;ms;3690.08;MonetDB;output;0;
[query];id;558;it;0;ms;3877.33;MonetDB;output;4747148;
[query];id;559;it;0;ms;3710.05;MonetDB;output;0;
[query];id;560;it;0;ms;3899.29;MonetDB;output;4747148;
[query];id;561;it;0;ms;3713.25;MonetDB;output;0;
[query];id;562;it;0;ms;3911.76;MonetDB;output;4747148;
[query];id;563;it;0;ms;3887.36;MonetDB;output;4747148;
[query];id;564;it;0;ms;3724.43;MonetDB;output;0;
[query];id;565;it;0;ms;3701.43;MonetDB;output;0;
[query];id;566;it;0;ms;3710.15;MonetDB;output;0;
[query];id;567;it;0;ms;3737.55;MonetDB;output;0;
[query];id;568;it;0;ms;3907.02;MonetDB;output;4747148;
[query];id;569;it;0;ms;3921.39;MonetDB;output;4747148;
[query];id;570;it;0;ms;3726.68;MonetDB;output;0;
[query];id;571;it;0;ms;3879.8;MonetDB;output;4747148;
[query];id;572;it;0;ms;3882.12;MonetDB;output;4747148;
[query];id;573;it;0;ms;3698.99;MonetDB;output;0;
[query];id;574;it;0;ms;3869.22;MonetDB;output;4747148;
[query];id;575;it;0;ms;3879.34;MonetDB;output;4747148;
[query];id;576;it;0;ms;3691.01;MonetDB;output;0;
[query];id;577;it;0;ms;3884.42;MonetDB;output;4747148;
[query];id;578;it;0;ms;3872.13;MonetDB;output;4747148;
[query];id;579;it;0;ms;3692.44;MonetDB;output;0;
[query];id;580;it;0;ms;3866.31;MonetDB;output;4747148;
[query];id;581;it;0;ms;3878.71;MonetDB;output;4747148;
[query];id;582;it;0;ms;3871.53;MonetDB;output;4747148;
[query];id;583;it;0;ms;186.33;MonetDB;output;211702;
[query];id;584;it;0;ms;212.189;MonetDB;output;246808;
[query];id;585;it;0;ms;178.3;MonetDB;output;196438;
[query];id;586;it;0;ms;214.483;MonetDB;output;244003;
[query];id;587;it;0;ms;214.406;MonetDB;output;249609;
[query];id;588;it;0;ms;214.621;MonetDB;output;246808;
[query];id;589;it;0;ms;211.502;MonetDB;output;240312;
[query];id;590;it;0;ms;207.991;MonetDB;output;235767;
[query];id;591;it;0;ms;206.246;MonetDB;output;238399;
[query];id;592;it;0;ms;220.683;MonetDB;output;244503;
[query];id;593;it;0;ms;217.047;MonetDB;output;249538;
[query];id;594;it;0;ms;212.123;MonetDB;output;241838;
[query];id;595;it;0;ms;197.455;MonetDB;output;226596;
[query];id;596;it;0;ms;188.332;MonetDB;output;211702;
[query];id;597;it;0;ms;174.799;MonetDB;output;196438;
[query];id;598;it;0;ms;157.657;MonetDB;output;170378;
[query];id;599;it;0;ms;131.963;MonetDB;output;142475;
[query];id;600;it;0;ms;123.215;MonetDB;output;124118;
[query];id;601;it;0;ms;110.863;MonetDB;output;116915;
[query];id;602;it;0;ms;124.308;MonetDB;output;120077;
[query];id;603;it;0;ms;3896.1;MonetDB;output;4747148;
[query];id;604;it;0;ms;124.97;MonetDB;output;126100;
[query];id;605;it;0;ms;124.342;MonetDB;output;135455;
[query];id;606;it;0;ms;138.835;MonetDB;output;150075;
[query];id;607;it;0;ms;116.635;MonetDB;output;126100;
[query];id;608;it;0;ms;121.702;MonetDB;output;120077;
[query];id;609;it;0;ms;122.084;MonetDB;output;116915;
[query];id;610;it;0;ms;119.719;MonetDB;output;124118;
[query];id;611;it;0;ms;134.077;MonetDB;output;142475;
[query];id;612;it;0;ms;151.311;MonetDB;output;170378;
[query];id;613;it;0;ms;126.872;MonetDB;output;142475;
[query];id;614;it;0;ms;104.841;MonetDB;output;116915;
[query];id;615;it;0;ms;122.422;MonetDB;output;120077;
[query];id;616;it;0;ms;117.505;MonetDB;output;126100;
[query];id;617;it;0;ms;121.194;MonetDB;output;135455;
[query];id;618;it;0;ms;136.22;MonetDB;output;150075;
[query];id;619;it;0;ms;151.962;MonetDB;output;174196;
[query];id;620;it;0;ms;181.457;MonetDB;output;203357;
[query];id;621;it;0;ms;194.817;MonetDB;output;224870;
[query];id;622;it;0;ms;206.956;MonetDB;output;233619;
[query];id;623;it;0;ms;211.003;MonetDB;output;244003;
[query];id;624;it;0;ms;211.336;MonetDB;output;249609;
[query];id;625;it;0;ms;137.407;MonetDB;output;150075;
[query];id;626;it;0;ms;213.824;MonetDB;output;246808;
[query];id;627;it;0;ms;208.733;MonetDB;output;240312;
[query];id;628;it;0;ms;209.373;MonetDB;output;235767;
[query];id;629;it;0;ms;206.007;MonetDB;output;238399;
[query];id;630;it;0;ms;214.13;MonetDB;output;244503;
[query];id;631;it;0;ms;218.105;MonetDB;output;249538;
[query];id;632;it;0;ms;210.451;MonetDB;output;241838;
[query];id;633;it;0;ms;198.296;MonetDB;output;226596;
[query];id;634;it;0;ms;3863.92;MonetDB;output;4747148;
[query];id;635;it;0;ms;186.53;MonetDB;output;211702;
[query];id;636;it;0;ms;3881.92;MonetDB;output;4747148;
[query];id;637;it;0;ms;216.394;MonetDB;output;241838;
[query];id;638;it;0;ms;202.36;MonetDB;output;226596;
[query];id;639;it;0;ms;3877.26;MonetDB;output;4747148;
[query];id;640;it;0;ms;185.609;MonetDB;output;211702;
[query];id;641;it;0;ms;3853.37;MonetDB;output;4747148;
[query];id;642;it;0;ms;186.396;MonetDB;output;211702;
[query];id;643;it;0;ms;3864.1;MonetDB;output;4747148;
[query];id;644;it;0;ms;214.307;MonetDB;output;249609;
[query];id;645;it;0;ms;219.888;MonetDB;output;249538;
[query];id;646;it;0;ms;215.617;MonetDB;output;244503;
[query];id;647;it;0;ms;216.668;MonetDB;output;249538;
[query];id;648;it;0;ms;3879.92;MonetDB;output;4747148;
[query];id;649;it;0;ms;175.792;MonetDB;output;196438;
[query];id;650;it;0;ms;3871.56;MonetDB;output;4747148;
[query];id;651;it;0;ms;3868.77;MonetDB;output;4747148;
[query];id;652;it;0;ms;3878.63;MonetDB;output;4747148;
[query];id;653;it;0;ms;200.392;MonetDB;output;226596;
[query];id;654;it;0;ms;151.968;MonetDB;output;170378;
[query];id;655;it;0;ms;116.186;MonetDB;output;126100;
[query];id;656;it;0;ms;196.5;MonetDB;output;224870;
[query];id;657;it;0;ms;3856.34;MonetDB;output;4747148;
[query];id;658;it;0;ms;3863.34;MonetDB;output;4747148;
[query];id;659;it;0;ms;3880.12;MonetDB;output;4747148;
[query];id;660;it;0;ms;3868.68;MonetDB;output;4747148;
[query];id;661;it;0;ms;3870.26;MonetDB;output;4747148;
[query];id;662;it;0;ms;3880.26;MonetDB;output;4747148;
[query];id;663;it;0;ms;3863.18;MonetDB;output;4747148;
[query];id;664;it;0;ms;3892.82;MonetDB;output;4747148;
[query];id;665;it;0;ms;3881.85;MonetDB;output;4747148;
[query];id;666;it;0;ms;3872.6;MonetDB;output;4747148;
[query];id;667;it;0;ms;3700.08;MonetDB;output;0;
[query];id;668;it;0;ms;3867.96;MonetDB;output;4747148;
[query];id;669;it;0;ms;3888.77;MonetDB;output;4747148;
[query];id;670;it;0;ms;3690.76;MonetDB;output;8;
[query];id;671;it;0;ms;3686.78;MonetDB;output;32;
[query];id;672;it;0;ms;3699.68;MonetDB;output;0;
[query];id;673;it;0;ms;3880.59;MonetDB;output;4747148;
[query];id;674;it;0;ms;3694.83;MonetDB;output;32022;
[query];id;675;it;0;ms;107.409;MonetDB;output;280;
[query];id;676;it;0;ms;111.627;MonetDB;output;116915;
[query];id;677;it;0;ms;155.497;MonetDB;output;174196;
[query];id;678;it;0;ms;153.897;MonetDB;output;174196;
[query];id;679;it;0;ms;198.385;MonetDB;output;226596;
[query];id;680;it;0;ms;151.14;MonetDB;output;174196;
[query];id;681;it;0;ms;3872.19;MonetDB;output;4747148;
[query];id;682;it;0;ms;201.12;MonetDB;output;226596;
[query];id;683;it;0;ms;121.68;MonetDB;output;124118;
[query];id;684;it;0;ms;179.112;MonetDB;output;203357;
[query];id;685;it;0;ms;209.502;MonetDB;output;241838;
[query];id;686;it;0;ms;204.171;MonetDB;output;142;
[query];id;687;it;0;ms;206.277;MonetDB;output;410;
[query];id;688;it;0;ms;201.888;MonetDB;output;454;
[query];id;689;it;0;ms;198.829;MonetDB;output;43;
[query];id;690;it;0;ms;200.824;MonetDB;output;0;
[query];id;691;it;0;ms;142.67;MonetDB;output;0;
[query];id;692;it;0;ms;195.576;MonetDB;output;0;
[query];id;693;it;0;ms;203.25;MonetDB;output;0;
[query];id;694;it;0;ms;208.793;MonetDB;output;0;
[query];id;695;it;0;ms;193.631;MonetDB;output;0;
[query];id;696;it;0;ms;178.596;MonetDB;output;0;
[query];id;697;it;0;ms;148.218;MonetDB;output;0;
[query];id;698;it;0;ms;114.797;MonetDB;output;0;
[query];id;699;it;0;ms;113.242;MonetDB;output;0;
[query];id;700;it;0;ms;111.084;MonetDB;output;0;
[query];id;701;it;0;ms;117.014;MonetDB;output;0;
[query];id;702;it;0;ms;183.124;MonetDB;output;0;
[query];id;703;it;0;ms;204.458;MonetDB;output;0;
[query];id;704;it;0;ms;3876.67;MonetDB;output;4747148;
[query];id;705;it;0;ms;3914.73;MonetDB;output;4747148;
[query];id;706;it;0;ms;3899.68;MonetDB;output;4747148;
[query];id;707;it;0;ms;3894.01;MonetDB;output;4747148;
[query];id;708;it;0;ms;3882.81;MonetDB;output;4747148;
[query];id;709;it;0;ms;3882.54;MonetDB;output;4747148;
[query];id;710;it;0;ms;158.348;MonetDB;output;170378;
[query];id;711;it;0;ms;150.933;MonetDB;output;170378;
[query];id;712;it;0;ms;216.743;MonetDB;output;246808;
[query];id;713;it;0;ms;133.557;MonetDB;output;150075;
[query];id;714;it;0;ms;131.151;MonetDB;output;150075;
[query];id;715;it;0;ms;135.599;MonetDB;output;150075;
[query];id;716;it;0;ms;138.685;MonetDB;output;150075;
[query];id;717;it;0;ms;132.323;MonetDB;output;150075;
[query];id;718;it;0;ms;3908.38;MonetDB;output;4747148;
[query];id;719;it;0;ms;3886.4;MonetDB;output;4747148;
[query];id;720;it;0;ms;3703.25;MonetDB;output;0;
[query];id;721;it;0;ms;3713.35;MonetDB;output;0;
[query];id;722;it;0;ms;3681.91;MonetDB;output;0;
[query];id;723;it;0;ms;3893.82;MonetDB;output;4747148;
[query];id;724;it;0;ms;3702.74;MonetDB;output;0;
[query];id;725;it;0;ms;3724.63;MonetDB;output;0;
[query];id;726;it;0;ms;107.693;MonetDB;output;0;
[query];id;727;it;0;ms;199.341;MonetDB;output;0;
[query];id;728;it;0;ms;166.224;MonetDB;output;0;
[query];id;729;it;0;ms;104.02;MonetDB;output;0;
[query];id;730;it;0;ms;184.278;MonetDB;output;0;
[query];id;731;it;0;ms;183.405;MonetDB;output;0;
[query];id;732;it;0;ms;186.129;MonetDB;output;0;
[query];id;733;it;0;ms;3856.81;MonetDB;output;4747148;
[query];id;734;it;0;ms;3871.25;MonetDB;output;4747148;
[query];id;735;it;0;ms;199.978;MonetDB;output;226596;
[query];id;736;it;0;ms;174.111;MonetDB;output;196438;
[query];id;737;it;0;ms;3861.11;MonetDB;output;4747148;
[query];id;738;it;0;ms;3865.05;MonetDB;output;4747148;
[query];id;739;it;0;ms;3872.11;MonetDB;output;4747148;
[query];id;740;it;0;ms;3887.19;MonetDB;output;4747148;
[query];id;741;it;0;ms;3891.58;MonetDB;output;4747148;
[query];id;742;it;0;ms;3715.68;MonetDB;output;0;
[query];id;743;it;0;ms;3908.1;MonetDB;output;4747148;
[query];id;744;it;0;ms;3700.14;MonetDB;output;0;
[query];id;745;it;0;ms;3897.05;MonetDB;output;4747148;
[query];id;746;it;0;ms;3700.94;MonetDB;output;0;
[query];id;747;it;0;ms;3724.43;MonetDB;output;0;
[query];id;748;it;0;ms;3697.95;MonetDB;output;0;
[query];id;749;it;0;ms;3857.8;MonetDB;output;4747148;
[query];id;750;it;0;ms;3670.62;MonetDB;output;6943;
[query];id;751;it;0;ms;3888.99;MonetDB;output;4747148;
[query];id;752;it;0;ms;3857.48;MonetDB;output;4747148;
[query];id;753;it;0;ms;3873.62;MonetDB;output;4747148;
[query];id;754;it;0;ms;3873;MonetDB;output;4747148;
[query];id;755;it;0;ms;3889.66;MonetDB;output;4747148;
[query];id;756;it;0;ms;3867.82;MonetDB;output;4747148;
[query];id;757;it;0;ms;3866.29;MonetDB;output;4747148;
[query];id;758;it;0;ms;3854.86;MonetDB;output;4747148;
[query];id;759;it;0;ms;3876.67;MonetDB;output;4747148;
[query];id;760;it;0;ms;3864.03;MonetDB;output;4747148;
[query];id;761;it;0;ms;3875.35;MonetDB;output;4747148;
[query];id;762;it;0;ms;3875.08;MonetDB;output;4747148;
[query];id;763;it;0;ms;3853.27;MonetDB;output;4747148;
[query];id;764;it;0;ms;212.904;MonetDB;output;241838;
[query];id;765;it;0;ms;38.3361;MonetDB;output;34291;
[query];id;766;it;0;ms;38.8363;MonetDB;output;32969;
[query];id;767;it;0;ms;38.6919;MonetDB;output;32485;
[query];id;768;it;0;ms;37.8639;MonetDB;output;32969;
[query];id;769;it;0;ms;39.4946;MonetDB;output;37982;
[query];id;770;it;0;ms;37.4952;MonetDB;output;32969;
[query];id;771;it;0;ms;24.3451;MonetDB;output;16437;
[query];id;772;it;0;ms;32.487;MonetDB;output;20135;
[query];id;773;it;0;ms;559.968;MonetDB;output;669986;
[query];id;774;it;0;ms;35.5125;MonetDB;output;30129;
[query];id;775;it;0;ms;35.799;MonetDB;output;31404;
[query];id;776;it;0;ms;38.1653;MonetDB;output;32618;
[query];id;777;it;0;ms;36.8271;MonetDB;output;0;
[query];id;778;it;0;ms;35.1133;MonetDB;output;0;
[query];id;779;it;0;ms;34.8024;MonetDB;output;0;
[query];id;780;it;0;ms;36.242;MonetDB;output;0;
[query];id;781;it;0;ms;34.5755;MonetDB;output;0;
[query];id;782;it;0;ms;35.8655;MonetDB;output;0;
[query];id;783;it;0;ms;37.8138;MonetDB;output;32972;
[query];id;784;it;0;ms;35.0274;MonetDB;output;0;
[query];id;785;it;0;ms;34.1778;MonetDB;output;0;
[query];id;786;it;0;ms;35.0635;MonetDB;output;0;
[query];id;787;it;0;ms;33.8542;MonetDB;output;0;
[query];id;788;it;0;ms;35.1638;MonetDB;output;0;
[query];id;789;it;0;ms;34.5267;MonetDB;output;0;
[query];id;790;it;0;ms;35.1676;MonetDB;output;0;
[query];id;791;it;0;ms;35.9712;MonetDB;output;0;
[query];id;792;it;0;ms;33.7373;MonetDB;output;0;
[query];id;793;it;0;ms;35.7323;MonetDB;output;0;
[query];id;794;it;0;ms;33.9263;MonetDB;output;0;
[query];id;795;it;0;ms;37.093;MonetDB;output;0;
[query];id;796;it;0;ms;34.5403;MonetDB;output;0;
[query];id;797;it;0;ms;33.8755;MonetDB;output;0;
[query];id;798;it;0;ms;35.4695;MonetDB;output;0;
[query];id;799;it;0;ms;35.718;MonetDB;output;0;
[query];id;800;it;0;ms;36.5765;MonetDB;output;0;
[query];id;801;it;0;ms;32.9579;MonetDB;output;0;
[query];id;802;it;0;ms;37.9565;MonetDB;output;0;
[query];id;803;it;0;ms;34.6038;MonetDB;output;0;
[query];id;804;it;0;ms;34.7286;MonetDB;output;0;
[query];id;805;it;0;ms;34.2856;MonetDB;output;0;
[query];id;806;it;0;ms;35.3063;MonetDB;output;0;
[query];id;807;it;0;ms;33.8119;MonetDB;output;0;
[query];id;808;it;0;ms;35.2378;MonetDB;output;0;
[query];id;809;it;0;ms;35.676;MonetDB;output;0;
[query];id;810;it;0;ms;32.9364;MonetDB;output;0;
[query];id;811;it;0;ms;34.4161;MonetDB;output;0;
[query];id;812;it;0;ms;33.7422;MonetDB;output;0;
[query];id;813;it;0;ms;32.717;MonetDB;output;0;
[query];id;814;it;0;ms;34.2692;MonetDB;output;0;
[query];id;815;it;0;ms;34.4067;MonetDB;output;0;
[query];id;816;it;0;ms;36.9194;MonetDB;output;0;
[query];id;817;it;0;ms;37.1599;MonetDB;output;0;
[query];id;818;it;0;ms;34.4455;MonetDB;output;0;
[query];id;819;it;0;ms;36.1262;MonetDB;output;0;
[query];id;820;it;0;ms;33.3872;MonetDB;output;0;
[query];id;821;it;0;ms;3859.73;MonetDB;output;4747148;
[query];id;822;it;0;ms;3844.93;MonetDB;output;4747148;
[query];id;823;it;0;ms;3861.25;MonetDB;output;4747148;
[query];id;824;it;0;ms;3868.22;MonetDB;output;4747148;
[query];id;825;it;0;ms;3880.91;MonetDB;output;4747148;
[query];id;826;it;0;ms;3867.85;MonetDB;output;4747148;
[query];id;827;it;0;ms;3703.89;MonetDB;output;0;
[query];id;828;it;0;ms;3866.5;MonetDB;output;4747148;
[query];id;829;it;0;ms;3855.15;MonetDB;output;4747148;
[query];id;830;it;0;ms;3870.23;MonetDB;output;4747148;
[query];id;831;it;0;ms;3857.74;MonetDB;output;4747148;
[query];id;832;it;0;ms;3871.63;MonetDB;output;4747148;
[query];id;833;it;0;ms;212.342;MonetDB;output;241838;
[query];id;834;it;0;ms;124.023;MonetDB;output;135455;
[query];id;835;it;0;ms;193.792;MonetDB;output;224870;
[query];id;836;it;0;ms;115.505;MonetDB;output;120077;
[query];id;837;it;0;ms;152.926;MonetDB;output;174196;
[query];id;838;it;0;ms;205.511;MonetDB;output;233619;
[query];id;839;it;0;ms;119.2;MonetDB;output;124118;
[query];id;840;it;0;ms;213.333;MonetDB;output;241838;
[query];id;841;it;0;ms;210.173;MonetDB;output;240312;
[query];id;842;it;0;ms;218.419;MonetDB;output;246808;
[query];id;843;it;0;ms;188.347;MonetDB;output;211702;
[query];id;844;it;0;ms;3887.37;MonetDB;output;4747148;
[query];id;845;it;0;ms;3903.13;MonetDB;output;4747148;
[query];id;846;it;0;ms;196.539;MonetDB;output;226596;
[query];id;847;it;0;ms;219.707;MonetDB;output;249538;
[query];id;848;it;0;ms;207.289;MonetDB;output;235767;
[query];id;849;it;0;ms;34.7374;MonetDB;output;31484;
[query];id;850;it;0;ms;40.8963;MonetDB;output;38135;
[query];id;851;it;0;ms;35.4038;MonetDB;output;32618;
[query];id;852;it;0;ms;40.4028;MonetDB;output;35279;
[query];id;853;it;0;ms;38.51;MonetDB;output;32618;
[query];id;854;it;0;ms;33.7261;MonetDB;output;31960;
[query];id;855;it;0;ms;39.9955;MonetDB;output;34857;
[query];id;856;it;0;ms;22.1292;MonetDB;output;16790;
[query];id;857;it;0;ms;39.7896;MonetDB;output;37565;
[query];id;858;it;0;ms;27.1955;MonetDB;output;21297;
[query];id;859;it;0;ms;30.8165;MonetDB;output;28806;
[query];id;860;it;0;ms;30.9637;MonetDB;output;24432;
[query];id;861;it;0;ms;39.1077;MonetDB;output;34857;
[query];id;862;it;0;ms;39.506;MonetDB;output;31225;
[query];id;863;it;0;ms;30.9181;MonetDB;output;21297;
[query];id;864;it;0;ms;26.9538;MonetDB;output;18024;
[query];id;865;it;0;ms;3862.15;MonetDB;output;4747148;
[query];id;866;it;0;ms;3859.55;MonetDB;output;4747148;
[query];id;867;it;0;ms;3855.68;MonetDB;output;4747148;
[query];id;868;it;0;ms;3865.69;MonetDB;output;4747148;
[query];id;869;it;0;ms;3868.44;MonetDB;output;4747148;
[query];id;870;it;0;ms;3870.23;MonetDB;output;4747148;
[query];id;871;it;0;ms;196.309;MonetDB;output;226596;
[query];id;872;it;0;ms;131.772;MonetDB;output;142475;
[query];id;873;it;0;ms;3871.52;MonetDB;output;4747148;
[query];id;874;it;0;ms;128.353;MonetDB;output;142475;
[query];id;875;it;0;ms;210.473;MonetDB;output;241838;
[query];id;876;it;0;ms;209.395;MonetDB;output;238399;
[query];id;877;it;0;ms;213.294;MonetDB;output;246808;
[query];id;878;it;0;ms;3864.47;MonetDB;output;4747148;
[query];id;879;it;0;ms;3902.49;MonetDB;output;4747148;
[query];id;880;it;0;ms;603.55;MonetDB;output;730501;
[query];id;881;it;0;ms;3853.64;MonetDB;output;4747148;
[query];id;882;it;0;ms;3684.94;MonetDB;output;0;
[query];id;883;it;0;ms;3679.41;MonetDB;output;0;
[query];id;884;it;0;ms;3871.03;MonetDB;output;4747148;
[query];id;885;it;0;ms;3872.94;MonetDB;output;4747148;
[query];id;886;it;0;ms;3893.98;MonetDB;output;4747148;
[query];id;887;it;0;ms;3917.72;MonetDB;output;4747148;
[query];id;888;it;0;ms;3898.48;MonetDB;output;4747148;
[query];id;889;it;0;ms;3885.56;MonetDB;output;4747148;
[query];id;890;it;0;ms;549.014;MonetDB;output;658200;
[query];id;891;it;0;ms;538.883;MonetDB;output;642862;
[query];id;892;it;0;ms;547.152;MonetDB;output;665951;
[query];id;893;it;0;ms;24.5593;MonetDB;output;21297;
[query];id;894;it;0;ms;41.6854;MonetDB;output;34139;
[query];id;895;it;0;ms;25.2591;MonetDB;output;20615;
[query];id;896;it;0;ms;3880.53;MonetDB;output;4747148;
[query];id;897;it;0;ms;3665.96;MonetDB;output;0;
[query];id;898;it;0;ms;3864.78;MonetDB;output;4747148;
[query];id;899;it;0;ms;3686.75;MonetDB;output;0;
[query];id;900;it;0;ms;3708.98;MonetDB;output;0;
[query];id;901;it;0;ms;3908.89;MonetDB;output;4747148;
[query];id;902;it;0;ms;3883.99;MonetDB;output;4747148;
[query];id;903;it;0;ms;3867.5;MonetDB;output;4747148;
[query];id;904;it;0;ms;3876.23;MonetDB;output;4747148;
[query];id;905;it;0;ms;173.927;MonetDB;output;196438;
[query];id;906;it;0;ms;223.317;MonetDB;output;249538;
[query];id;907;it;0;ms;216.655;MonetDB;output;246808;
[query];id;908;it;0;ms;114.503;MonetDB;output;116915;
[query];id;909;it;0;ms;219.273;MonetDB;output;246808;
[query];id;910;it;0;ms;110.013;MonetDB;output;116915;
[query];id;911;it;0;ms;112.241;MonetDB;output;120077;
[query];id;912;it;0;ms;218.729;MonetDB;output;246808;
[query];id;913;it;0;ms;205.118;MonetDB;output;235767;
[query];id;914;it;0;ms;413.567;MonetDB;output;482575;
[query];id;915;it;0;ms;610.084;MonetDB;output;722887;
[query];id;916;it;0;ms;798.731;MonetDB;output;961286;
[query];id;917;it;0;ms;1017.3;MonetDB;output;1205789;
[query];id;918;it;0;ms;1214.56;MonetDB;output;1455327;
[query];id;919;it;0;ms;1430.12;MonetDB;output;1697165;
[query];id;920;it;0;ms;1222.38;MonetDB;output;1455327;
[query];id;921;it;0;ms;1418.04;MonetDB;output;1681923;
[query];id;922;it;0;ms;1580.78;MonetDB;output;1893625;
[query];id;923;it;0;ms;1725.12;MonetDB;output;2064003;
[query];id;924;it;0;ms;1921.62;MonetDB;output;2313612;
[query];id;925;it;0;ms;2111.43;MonetDB;output;2557615;
[query];id;926;it;0;ms;2337.57;MonetDB;output;2791234;
[query];id;927;it;0;ms;2494.06;MonetDB;output;3016104;
[query];id;928;it;0;ms;2788.95;MonetDB;output;3393657;
[query];id;929;it;0;ms;2678.62;MonetDB;output;3219461;
[query];id;930;it;0;ms;2959.16;MonetDB;output;3543732;
[query];id;931;it;0;ms;3045.91;MonetDB;output;3679187;
[query];id;932;it;0;ms;3145.34;MonetDB;output;3805287;
[query];id;933;it;0;ms;3250.79;MonetDB;output;3925364;
[query];id;934;it;0;ms;3328.36;MonetDB;output;4042279;
[query];id;935;it;0;ms;3449.92;MonetDB;output;4166397;
[query];id;936;it;0;ms;3604.57;MonetDB;output;4308872;
[query];id;937;it;0;ms;3738.41;MonetDB;output;4505310;
[query];id;938;it;0;ms;3907.57;MonetDB;output;4747148;
[query];id;939;it;0;ms;620.737;MonetDB;output;730501;
[query];id;940;it;0;ms;1208.92;MonetDB;output;1440630;
[query];id;941;it;0;ms;623.553;MonetDB;output;730501;
[query];id;942;it;0;ms;1163.2;MonetDB;output;1396452;
[query];id;943;it;0;ms;1753.47;MonetDB;output;2106581;
[query];id;944;it;0;ms;2324.35;MonetDB;output;2776567;
[query];id;945;it;0;ms;2871.49;MonetDB;output;3434767;
[query];id;946;it;0;ms;2316.59;MonetDB;output;2776567;
[query];id;947;it;0;ms;2853.99;MonetDB;output;3419429;
[query];id;948;it;0;ms;3405.86;MonetDB;output;4077629;
[query];id;949;it;0;ms;3409.05;MonetDB;output;4077629;
[query];id;950;it;0;ms;3875.28;MonetDB;output;4747148;
[query];id;951;it;0;ms;3873.39;MonetDB;output;4747148;
[query];id;952;it;0;ms;3873.6;MonetDB;output;4747148;
[query];id;953;it;0;ms;3883.85;MonetDB;output;4747148;
[query];id;954;it;0;ms;3886.25;MonetDB;output;4747148;
[query];id;955;it;0;ms;3870.52;MonetDB;output;4747148;
[query];id;956;it;0;ms;3864.54;MonetDB;output;4747148;
[query];id;957;it;0;ms;3882.88;MonetDB;output;4747148;
[query];id;958;it;0;ms;3859.75;MonetDB;output;4747148;
[query];id;959;it;0;ms;176.753;MonetDB;output;196438;
[query];id;960;it;0;ms;200.901;MonetDB;output;226596;
[query];id;961;it;0;ms;213.913;MonetDB;output;241838;
[query];id;962;it;0;ms;206.606;MonetDB;output;235767;
[query];id;963;it;0;ms;125.633;MonetDB;output;135455;
[query];id;964;it;0;ms;192.389;MonetDB;output;224870;
[query];id;965;it;0;ms;215.116;MonetDB;output;249609;
[query];id;966;it;0;ms;200.109;MonetDB;output;224870;
[query];id;967;it;0;ms;178.203;MonetDB;output;203357;
[query];id;968;it;0;ms;160.45;MonetDB;output;174196;
[query];id;969;it;0;ms;138.682;MonetDB;output;150075;
[query];id;970;it;0;ms;130.363;MonetDB;output;135455;
[query];id;971;it;0;ms;122.971;MonetDB;output;126100;
[query];id;972;it;0;ms;109.912;MonetDB;output;116915;
[query];id;973;it;0;ms;119.107;MonetDB;output;124118;
[query];id;974;it;0;ms;137.253;MonetDB;output;142475;
[query];id;975;it;0;ms;3868.51;MonetDB;output;4747148;
[query];id;976;it;0;ms;3885.8;MonetDB;output;4747148;
[query];id;977;it;0;ms;3886.85;MonetDB;output;4747148;
[query];id;978;it;0;ms;3874.27;MonetDB;output;4747148;
[query];id;979;it;0;ms;3861.98;MonetDB;output;4747148;
[query];id;980;it;0;ms;3886.28;MonetDB;output;4747148;
[query];id;981;it;0;ms;3865.23;MonetDB;output;4747148;
[query];id;982;it;0;ms;3878.46;MonetDB;output;4747148;
[query];id;983;it;0;ms;3875.9;MonetDB;output;4747148;
[query];id;984;it;0;ms;3919.74;MonetDB;output;4747148;
[query];id;985;it;0;ms;212.871;MonetDB;output;241838;
[query];id;986;it;0;ms;117.3;MonetDB;output;124118;
[query];id;987;it;0;ms;114.279;MonetDB;output;120077;
[query];id;988;it;0;ms;3871.85;MonetDB;output;4747148;
[query];id;989;it;0;ms;3903.22;MonetDB;output;4747148;
[query];id;990;it;0;ms;202.208;MonetDB;output;226596;
[query];id;991;it;0;ms;216.304;MonetDB;output;249538;
[query];id;992;it;0;ms;214.866;MonetDB;output;244503;
[query];id;993;it;0;ms;173.04;MonetDB;output;196438;
[query];id;994;it;0;ms;126.189;MonetDB;output;116915;
[query];id;995;it;0;ms;135.143;MonetDB;output;150075;
[query];id;996;it;0;ms;154.02;MonetDB;output;174196;
[query];id;997;it;0;ms;177.675;MonetDB;output;203357;
[query];id;998;it;0;ms;193.661;MonetDB;output;224870;
[query];id;999;it;0;ms;203.192;MonetDB;output;233619;
[query];id;1000;it;0;ms;207.89;MonetDB;output;244003;
[query];id;1001;it;0;ms;213.426;MonetDB;output;249609;
[query];id;1002;it;0;ms;3876.91;MonetDB;output;4747148;
[query];id;1003;it;0;ms;221.206;MonetDB;output;244003;
[query];id;1004;it;0;ms;3860.96;MonetDB;output;4747148;
[query];id;1005;it;0;ms;213.121;MonetDB;output;249609;
[query];id;1006;it;0;ms;202.43;MonetDB;output;233619;
[query];id;1007;it;0;ms;212.733;MonetDB;output;244003;
[query];id;1008;it;0;ms;217.3;MonetDB;output;246808;
[query];id;1009;it;0;ms;215.434;MonetDB;output;241838;
[query];id;1010;it;0;ms;121.109;MonetDB;output;116915;
[query];id;1011;it;0;ms;121.288;MonetDB;output;135455;
[query];id;1012;it;0;ms;151.826;MonetDB;output;174196;
[query];id;1013;it;0;ms;3886.88;MonetDB;output;4747148;
[query];id;1014;it;0;ms;3876.85;MonetDB;output;4747148;
[query];id;1015;it;0;ms;3867.83;MonetDB;output;4747148;
[query];id;1016;it;0;ms;3874.36;MonetDB;output;4747148;
[query];id;1017;it;0;ms;3889.07;MonetDB;output;4747148;
[query];id;1018;it;0;ms;3906.25;MonetDB;output;4747148;
[query];id;1019;it;0;ms;3863.85;MonetDB;output;4747148;
[query];id;1020;it;0;ms;3881.84;MonetDB;output;4747148;
[query];id;1021;it;0;ms;3865.96;MonetDB;output;4747148;
[query];id;1022;it;0;ms;3854.56;MonetDB;output;4747148;
[query];id;1023;it;0;ms;559.535;MonetDB;output;669986;
[query];id;1024;it;0;ms;558.106;MonetDB;output;665951;
[query];id;1025;it;0;ms;541.935;MonetDB;output;642862;
[query];id;1026;it;0;ms;562.209;MonetDB;output;665951;
[query];id;1027;it;0;ms;3862.1;MonetDB;output;4747148;
[query];id;1028;it;0;ms;3877.74;MonetDB;output;4747148;
[query];id;1029;it;0;ms;3883.17;MonetDB;output;4747148;
[query];id;1030;it;0;ms;3888.78;MonetDB;output;4747148;
[query];id;1031;it;0;ms;185.68;MonetDB;output;211702;
[query];id;1032;it;0;ms;123.767;MonetDB;output;135455;
[query];id;1033;it;0;ms;187.741;MonetDB;output;211702;
[query];id;1034;it;0;ms;3881.82;MonetDB;output;4747148;
[query];id;1035;it;0;ms;3901.99;MonetDB;output;4747148;
[query];id;1036;it;0;ms;3883.71;MonetDB;output;4747148;
[query];id;1037;it;0;ms;3885.27;MonetDB;output;4747148;
[query];id;1038;it;0;ms;3719.19;MonetDB;output;682;
[query];id;1039;it;0;ms;3723.56;MonetDB;output;0;
[query];id;1040;it;0;ms;3913.12;MonetDB;output;4747148;
[query];id;1041;it;0;ms;3927.68;MonetDB;output;4747148;
[query];id;1042;it;0;ms;3912.6;MonetDB;output;4747148;
[query];id;1043;it;0;ms;3890.62;MonetDB;output;4747148;
[query];id;1044;it;0;ms;3892.02;MonetDB;output;4747148;
[query];id;1045;it;0;ms;554.445;MonetDB;output;658200;
[query];id;1046;it;0;ms;609.421;MonetDB;output;730501;
[query];id;1047;it;0;ms;549.262;MonetDB;output;658200;
[query];id;1048;it;0;ms;552.224;MonetDB;output;665951;
[query];id;1049;it;0;ms;613.965;MonetDB;output;730501;
[query];id;1050;it;0;ms;39.8997;MonetDB;output;37982;
[query];id;1051;it;0;ms;41.2959;MonetDB;output;37582;
[query];id;1052;it;0;ms;39.1674;MonetDB;output;31698;
[query];id;1053;it;0;ms;27.1119;MonetDB;output;21851;
[query];id;1054;it;0;ms;25.5696;MonetDB;output;0;
[query];id;1055;it;0;ms;27.26;MonetDB;output;0;
[query];id;1056;it;0;ms;25.224;MonetDB;output;0;
[query];id;1057;it;0;ms;29.0071;MonetDB;output;21851;
[query];id;1058;it;0;ms;29.3816;MonetDB;output;21851;
[query];id;1059;it;0;ms;26.6312;MonetDB;output;0;
[query];id;1060;it;0;ms;26.8414;MonetDB;output;0;
[query];id;1061;it;0;ms;27.3112;MonetDB;output;0;
[query];id;1062;it;0;ms;29.466;MonetDB;output;0;
[query];id;1063;it;0;ms;41.383;MonetDB;output;0;
[query];id;1064;it;0;ms;33.6698;MonetDB;output;0;
[query];id;1065;it;0;ms;30.7105;MonetDB;output;0;
[query];id;1066;it;0;ms;29.0483;MonetDB;output;0;
[query];id;1067;it;0;ms;27.6872;MonetDB;output;0;
[query];id;1068;it;0;ms;30.7232;MonetDB;output;0;
[query];id;1069;it;0;ms;28.9887;MonetDB;output;0;
[query];id;1070;it;0;ms;147.328;MonetDB;output;0;
[query];id;1071;it;0;ms;34.4738;MonetDB;output;0;
[query];id;1072;it;0;ms;145.853;MonetDB;output;0;
[query];id;1073;it;0;ms;25.8447;MonetDB;output;0;
[query];id;1074;it;0;ms;33.2184;MonetDB;output;0;
[query];id;1075;it;0;ms;30.7353;MonetDB;output;0;
[query];id;1076;it;0;ms;31.4711;MonetDB;output;0;
[query];id;1077;it;0;ms;28.0089;MonetDB;output;0;
[query];id;1078;it;0;ms;25.5152;MonetDB;output;0;
[query];id;1079;it;0;ms;25.9033;MonetDB;output;0;
[query];id;1080;it;0;ms;27.1806;MonetDB;output;0;
[query];id;1081;it;0;ms;33.8211;MonetDB;output;0;
[query];id;1082;it;0;ms;38.9075;MonetDB;output;0;
[query];id;1083;it;0;ms;28.0643;MonetDB;output;0;
[query];id;1084;it;0;ms;3867.52;MonetDB;output;4747148;
[query];id;1085;it;0;ms;3865.03;MonetDB;output;4747148;
[query];id;1086;it;0;ms;3879.73;MonetDB;output;4747148;
[query];id;1087;it;0;ms;3875.67;MonetDB;output;4747148;
[query];id;1088;it;0;ms;3878.64;MonetDB;output;4747148;
[query];id;1089;it;0;ms;3873.95;MonetDB;output;4747148;
[query];id;1090;it;0;ms;593.016;MonetDB;output;710129;
[query];id;1091;it;0;ms;562.702;MonetDB;output;669986;
[query];id;1092;it;0;ms;553.805;MonetDB;output;658200;
[query];id;1093;it;0;ms;3872.88;MonetDB;output;4747148;
[query];id;1094;it;0;ms;534.553;MonetDB;output;642862;
[query];id;1095;it;0;ms;34.9303;MonetDB;output;32742;
[query];id;1096;it;0;ms;196.544;MonetDB;output;226596;
[query];id;1097;it;0;ms;177.806;MonetDB;output;196438;
[query];id;1098;it;0;ms;127.111;MonetDB;output;135455;
[query];id;1099;it;0;ms;193.521;MonetDB;output;224870;
[query];id;1100;it;0;ms;213.773;MonetDB;output;241838;
[query];id;1101;it;0;ms;3864.12;MonetDB;output;4747148;
[query];id;1102;it;0;ms;3882.73;MonetDB;output;4747148;
[query];id;1103;it;0;ms;3862.06;MonetDB;output;4747148;
[query];id;1104;it;0;ms;3872.1;MonetDB;output;4747148;
[query];id;1105;it;0;ms;3868.59;MonetDB;output;4747148;
[query];id;1106;it;0;ms;3889.16;MonetDB;output;4747148;
[query];id;1107;it;0;ms;3871.66;MonetDB;output;4747148;
[query];id;1108;it;0;ms;3876.32;MonetDB;output;4747148;
[query];id;1109;it;0;ms;194.67;MonetDB;output;226596;
[query];id;1110;it;0;ms;132.941;MonetDB;output;142475;
[query];id;1111;it;0;ms;208.894;MonetDB;output;238399;
[query];id;1112;it;0;ms;3865.46;MonetDB;output;4747148;
[query];id;1113;it;0;ms;597.236;MonetDB;output;710129;
[query];id;1114;it;0;ms;3878.84;MonetDB;output;4747148;
[query];id;1115;it;0;ms;3703.41;MonetDB;output;0;
[query];id;1116;it;0;ms;3697.51;MonetDB;output;0;
[query];id;1117;it;0;ms;3724.86;MonetDB;output;0;
[query];id;1118;it;0;ms;3702.14;MonetDB;output;0;
[query];id;1119;it;0;ms;3869.32;MonetDB;output;4747148;
[query];id;1120;it;0;ms;3687.07;MonetDB;output;0;
[query];id;1121;it;0;ms;3878.74;MonetDB;output;4747148;
[query];id;1122;it;0;ms;3708.73;MonetDB;output;0;
[query];id;1123;it;0;ms;3877.15;MonetDB;output;4747148;
[query];id;1124;it;0;ms;3874.63;MonetDB;output;4747148;
[query];id;1125;it;0;ms;3879.36;MonetDB;output;4747148;
[query];id;1126;it;0;ms;3869.88;MonetDB;output;4747148;
[query];id;1127;it;0;ms;115.093;MonetDB;output;120077;
[query];id;1128;it;0;ms;3866.18;MonetDB;output;4747148;
[query];id;1129;it;0;ms;3869.15;MonetDB;output;4747148;
[query];id;1130;it;0;ms;3884.78;MonetDB;output;4747148;
[query];id;1131;it;0;ms;3880.49;MonetDB;output;4747148;
[query];id;1132;it;0;ms;3880.4;MonetDB;output;4747148;
[query];id;1133;it;0;ms;3869.42;MonetDB;output;4747148;
[query];id;1134;it;0;ms;3882.31;MonetDB;output;4747148;
[query];id;1135;it;0;ms;3882.86;MonetDB;output;4747148;
[query];id;1136;it;0;ms;612.237;MonetDB;output;730501;
[query];id;1137;it;0;ms;590.632;MonetDB;output;710129;
[query];id;1138;it;0;ms;557.737;MonetDB;output;669986;
[query];id;1139;it;0;ms;556.357;MonetDB;output;665951;
[query];id;1140;it;0;ms;559.498;MonetDB;output;658200;
[query];id;1141;it;0;ms;547.26;MonetDB;output;642862;
[query];id;1142;it;0;ms;546.776;MonetDB;output;665951;
[query];id;1143;it;0;ms;38.9335;MonetDB;output;34139;
[query];id;1144;it;0;ms;3868.17;MonetDB;output;4747148;
[query];id;1145;it;0;ms;3856.06;MonetDB;output;4747148;
[query];id;1146;it;0;ms;3878.78;MonetDB;output;4747148;
[query];id;1147;it;0;ms;3865.18;MonetDB;output;4747148;
[query];id;1148;it;0;ms;3895.59;MonetDB;output;4747148;
[query];id;1149;it;0;ms;3709.5;MonetDB;output;0;
[query];id;1150;it;0;ms;3730.35;MonetDB;output;0;
[query];id;1151;it;0;ms;3710.92;MonetDB;output;0;
[query];id;1152;it;0;ms;3880.99;MonetDB;output;4747148;
[query];id;1153;it;0;ms;3887.43;MonetDB;output;4747148;
[query];id;1154;it;0;ms;174.163;MonetDB;output;196438;
[query];id;1155;it;0;ms;210.363;MonetDB;output;246808;
[query];id;1156;it;0;ms;208.308;MonetDB;output;240312;
[query];id;1157;it;0;ms;118.239;MonetDB;output;124118;
[query];id;1158;it;0;ms;212.612;MonetDB;output;246808;
[query];id;1159;it;0;ms;214.274;MonetDB;output;240312;
[query];id;1160;it;0;ms;219.76;MonetDB;output;249538;
[query];id;1161;it;0;ms;119.046;MonetDB;output;116915;
[query];id;1162;it;0;ms;150.317;MonetDB;output;174196;
[query];id;1163;it;0;ms;209.184;MonetDB;output;233619;
[query];id;1164;it;0;ms;215.92;MonetDB;output;246808;
[query];id;1165;it;0;ms;41.5278;MonetDB;output;37582;
[query];id;1166;it;0;ms;39.9712;MonetDB;output;34708;
[query];id;1167;it;0;ms;41.9579;MonetDB;output;37773;
[query];id;1168;it;0;ms;44.5254;MonetDB;output;37582;
[query];id;1169;it;0;ms;42.9001;MonetDB;output;37773;
[query];id;1170;it;0;ms;38.296;MonetDB;output;35681;
[query];id;1171;it;0;ms;40.2946;MonetDB;output;34139;
[query];id;1172;it;0;ms;38.0381;MonetDB;output;34708;
[query];id;1173;it;0;ms;35.6603;MonetDB;output;32653;
[query];id;1174;it;0;ms;38.6558;MonetDB;output;34139;
[query];id;1175;it;0;ms;36.3723;MonetDB;output;34505;
[query];id;1176;it;0;ms;39.3382;MonetDB;output;34857;
[query];id;1177;it;0;ms;40.4654;MonetDB;output;37486;
[query];id;1178;it;0;ms;69.825;MonetDB;output;71625;
[query];id;1179;it;0;ms;103.079;MonetDB;output;107265;
[query];id;1180;it;0;ms;123.859;MonetDB;output;134933;
[query];id;1181;it;0;ms;137.326;MonetDB;output;150832;
[query];id;1182;it;0;ms;39.6449;MonetDB;output;35515;
[query];id;1183;it;0;ms;40.3627;MonetDB;output;37565;
[query];id;1184;it;0;ms;561.434;MonetDB;output;665951;
[query];id;1185;it;0;ms;40.4124;MonetDB;output;37486;
[query];id;1186;it;0;ms;71.891;MonetDB;output;75051;
[query];id;1187;it;0;ms;99.4999;MonetDB;output;110566;
[query];id;1188;it;0;ms;134.296;MonetDB;output;147178;
[query];id;1189;it;0;ms;160.125;MonetDB;output;179731;
[query];id;1190;it;0;ms;184.979;MonetDB;output;208537;
[query];id;1191;it;0;ms;210.347;MonetDB;output;233679;
[query];id;1192;it;0;ms;225.999;MonetDB;output;254294;
[query];id;1193;it;0;ms;250.419;MonetDB;output;271644;
[query];id;1194;it;0;ms;251.441;MonetDB;output;288434;
[query];id;1195;it;0;ms;268.498;MonetDB;output;304333;
[query];id;1196;it;0;ms;282.774;MonetDB;output;319619;
[query];id;1197;it;0;ms;298.059;MonetDB;output;336013;
[query];id;1198;it;0;ms;315.594;MonetDB;output;354037;
[query];id;1199;it;0;ms;332.793;MonetDB;output;375334;
[query];id;1200;it;0;ms;347.045;MonetDB;output;399766;
[query];id;1201;it;0;ms;373.821;MonetDB;output;427434;
[query];id;1202;it;0;ms;405.968;MonetDB;output;460993;
[query];id;1203;it;0;ms;423.711;MonetDB;output;495850;
[query];id;1204;it;0;ms;460.449;MonetDB;output;529989;
[query];id;1205;it;0;ms;477.89;MonetDB;output;564494;
[query];id;1206;it;0;ms;515.462;MonetDB;output;600134;
[query];id;1207;it;0;ms;482.434;MonetDB;output;566575;
[query];id;1208;it;0;ms;457.579;MonetDB;output;530935;
[query];id;1209;it;0;ms;479.089;MonetDB;output;562160;
[query];id;1210;it;0;ms;509.678;MonetDB;output;596752;
[query];id;1211;it;0;ms;540.53;MonetDB;output;632392;
[query];id;1212;it;0;ms;567.052;MonetDB;output;665951;
[query];id;1213;it;0;ms;1102.15;MonetDB;output;1308813;
[query];id;1214;it;0;ms;1109.93;MonetDB;output;1308813;
[query];id;1215;it;0;ms;1661.27;MonetDB;output;1978799;
[query];id;1216;it;0;ms;2268.88;MonetDB;output;2709300;
[query];id;1217;it;0;ms;2863.19;MonetDB;output;3419429;
[query];id;1218;it;0;ms;3472.17;MonetDB;output;4077629;
[query];id;1219;it;0;ms;3426.95;MonetDB;output;4077629;
[query];id;1220;it;0;ms;3414.33;MonetDB;output;4077629;
[query];id;1221;it;0;ms;3408.87;MonetDB;output;4077629;
[query];id;1222;it;0;ms;3273.14;MonetDB;output;0;
[query];id;1223;it;0;ms;3414;MonetDB;output;4077629;
[query];id;1224;it;0;ms;3393.15;MonetDB;output;4077629;
[query];id;1225;it;0;ms;3255.8;MonetDB;output;0;
[query];id;1226;it;0;ms;3418.81;MonetDB;output;4077629;
[query];id;1227;it;0;ms;3411.53;MonetDB;output;4077629;
[query];id;1228;it;0;ms;3401.23;MonetDB;output;4077629;
[query];id;1229;it;0;ms;3405.18;MonetDB;output;4077629;
[query];id;1230;it;0;ms;3404.07;MonetDB;output;4077629;
[query];id;1231;it;0;ms;3420.19;MonetDB;output;4077629;
[query];id;1232;it;0;ms;3276.24;MonetDB;output;0;
[query];id;1233;it;0;ms;3258.46;MonetDB;output;0;
[query];id;1234;it;0;ms;3388.68;MonetDB;output;4077629;
[query];id;1235;it;0;ms;3260.3;MonetDB;output;0;
[query];id;1236;it;0;ms;3256.72;MonetDB;output;0;
[query];id;1237;it;0;ms;3274.98;MonetDB;output;0;
[query];id;1238;it;0;ms;3419.17;MonetDB;output;4077629;
[query];id;1239;it;0;ms;3260.17;MonetDB;output;0;
[query];id;1240;it;0;ms;3253.27;MonetDB;output;0;
[query];id;1241;it;0;ms;3274.42;MonetDB;output;0;
[query];id;1242;it;0;ms;3279.83;MonetDB;output;5;
[query];id;1243;it;0;ms;3264.09;MonetDB;output;11080;
[query];id;1244;it;0;ms;3254.29;MonetDB;output;0;
[query];id;1245;it;0;ms;3420.08;MonetDB;output;4077629;
[query];id;1246;it;0;ms;3269.52;MonetDB;output;0;
[query];id;1247;it;0;ms;3417.96;MonetDB;output;4077629;
[query];id;1248;it;0;ms;3914.09;MonetDB;output;4747148;
[query];id;1249;it;0;ms;3859.87;MonetDB;output;4747148;
[query];id;1250;it;0;ms;3882.82;MonetDB;output;4747148;
[query];id;1251;it;0;ms;3869.52;MonetDB;output;4747148;
[query];id;1252;it;0;ms;175.503;MonetDB;output;196438;
[query];id;1253;it;0;ms;211.78;MonetDB;output;238399;
[query];id;1254;it;0;ms;35.9052;MonetDB;output;32485;
[query];id;1255;it;0;ms;38.7892;MonetDB;output;35153;
[query];id;1256;it;0;ms;35.9381;MonetDB;output;32584;
[query];id;1257;it;0;ms;36.2852;MonetDB;output;30821;
[query];id;1258;it;0;ms;42.8009;MonetDB;output;35279;
[query];id;1259;it;0;ms;38.6675;MonetDB;output;0;
[query];id;1260;it;0;ms;37.2608;MonetDB;output;84;
[query];id;1261;it;0;ms;3869.46;MonetDB;output;4747148;
[query];id;1262;it;0;ms;3885.2;MonetDB;output;4747148;
[query];id;1263;it;0;ms;3886.12;MonetDB;output;4747148;
[query];id;1264;it;0;ms;3867.24;MonetDB;output;4747148;
[query];id;1265;it;0;ms;3878.21;MonetDB;output;4747148;
[query];id;1266;it;0;ms;3879.46;MonetDB;output;4747148;
[query];id;1267;it;0;ms;3675.45;MonetDB;output;0;
[query];id;1268;it;0;ms;3890.71;MonetDB;output;4747148;
[query];id;1269;it;0;ms;3881.99;MonetDB;output;4747148;
[query];id;1270;it;0;ms;3682.02;MonetDB;output;0;
[query];id;1271;it;0;ms;3686.18;MonetDB;output;0;
[query];id;1272;it;0;ms;3906.26;MonetDB;output;4747148;
[query];id;1273;it;0;ms;3702.85;MonetDB;output;0;
[query];id;1274;it;0;ms;3882.92;MonetDB;output;4747148;
[query];id;1275;it;0;ms;3880.85;MonetDB;output;4747148;
[query];id;1276;it;0;ms;3882.58;MonetDB;output;4747148;
[query];id;1277;it;0;ms;3887.34;MonetDB;output;4747148;
[query];id;1278;it;0;ms;3899.86;MonetDB;output;4747148;
[query];id;1279;it;0;ms;3899.59;MonetDB;output;4747148;
[query];id;1280;it;0;ms;3916.02;MonetDB;output;4747148;
[query];id;1281;it;0;ms;191.626;MonetDB;output;224870;
[query];id;1282;it;0;ms;125.001;MonetDB;output;135455;
[query];id;1283;it;0;ms;189.91;MonetDB;output;224870;
[query];id;1284;it;0;ms;114.614;MonetDB;output;120077;
[query];id;1285;it;0;ms;3869.59;MonetDB;output;4747148;
[query];id;1286;it;0;ms;3873.59;MonetDB;output;4747148;
[query];id;1287;it;0;ms;558.318;MonetDB;output;658200;
[query];id;1288;it;0;ms;554.087;MonetDB;output;665951;
[query];id;1289;it;0;ms;3881.37;MonetDB;output;4747148;
[query];id;1290;it;0;ms;550.675;MonetDB;output;658200;
[query];id;1291;it;0;ms;3854.68;MonetDB;output;4747148;
[query];id;1292;it;0;ms;207.81;MonetDB;output;238399;
[query];id;1293;it;0;ms;3877.12;MonetDB;output;4747148;
[query];id;1294;it;0;ms;153.288;MonetDB;output;170378;
[query];id;1295;it;0;ms;3862.49;MonetDB;output;4747148;
[query];id;1296;it;0;ms;3867.23;MonetDB;output;4747148;
[query];id;1297;it;0;ms;3865.93;MonetDB;output;4747148;
[query];id;1298;it;0;ms;3861.84;MonetDB;output;4747148;
[query];id;1299;it;0;ms;3872.87;MonetDB;output;4747148;
[query];id;1300;it;0;ms;3876.11;MonetDB;output;4747148;
[query];id;1301;it;0;ms;3695.65;MonetDB;output;0;
[query];id;1302;it;0;ms;3686.32;MonetDB;output;1860;
[query];id;1303;it;0;ms;3883.09;MonetDB;output;4747148;
[query];id;1304;it;0;ms;3710.71;MonetDB;output;7282;
[query];id;1305;it;0;ms;3884.7;MonetDB;output;4747148;
[query];id;1306;it;0;ms;3713.87;MonetDB;output;0;
[query];id;1307;it;0;ms;3875.55;MonetDB;output;4747148;
[query];id;1308;it;0;ms;3703.01;MonetDB;output;257404;
[query];id;1309;it;0;ms;3813.91;MonetDB;output;3000497;
[query];id;1310;it;0;ms;3881.08;MonetDB;output;4747148;
[query];id;1311;it;0;ms;3967.04;MonetDB;output;4747148;
[query];id;1312;it;0;ms;3881.62;MonetDB;output;4747148;
[query];id;1313;it;0;ms;3867.93;MonetDB;output;4747148;
[query];id;1314;it;0;ms;3861.72;MonetDB;output;4747148;
[query];id;1315;it;0;ms;3859.91;MonetDB;output;4747148;
[query];id;1316;it;0;ms;3865.1;MonetDB;output;4747148;
[query];id;1317;it;0;ms;3895.71;MonetDB;output;4747148;
[query];id;1318;it;0;ms;3874.82;MonetDB;output;4747148;
[query];id;1319;it;0;ms;3895.84;MonetDB;output;4747148;
[query];id;1320;it;0;ms;3869.84;MonetDB;output;4747148;
[query];id;1321;it;0;ms;3682.96;MonetDB;output;0;
[query];id;1322;it;0;ms;3871.2;MonetDB;output;4747148;
[query];id;1323;it;0;ms;3871.37;MonetDB;output;4747148;
[query];id;1324;it;0;ms;3896.06;MonetDB;output;4747148;
[query];id;1325;it;0;ms;3891.11;MonetDB;output;4747148;
[query];id;1326;it;0;ms;3876.18;MonetDB;output;4747148;
[query];id;1327;it;0;ms;192.59;MonetDB;output;211702;
[query];id;1328;it;0;ms;3893.46;MonetDB;output;4747148;
[query];id;1329;it;0;ms;222.255;MonetDB;output;244503;
[query];id;1330;it;0;ms;3882.32;MonetDB;output;4747148;
[query];id;1331;it;0;ms;209.045;MonetDB;output;235767;
[query];id;1332;it;0;ms;207.862;MonetDB;output;240312;
[query];id;1333;it;0;ms;38.7386;MonetDB;output;33727;
[query];id;1334;it;0;ms;212.314;MonetDB;output;240312;
[query];id;1335;it;0;ms;37.6266;MonetDB;output;33727;
[query];id;1336;it;0;ms;45.5803;MonetDB;output;36135;
[query];id;1337;it;0;ms;215.32;MonetDB;output;240312;
[query];id;1338;it;0;ms;38.696;MonetDB;output;36135;
[query];id;1339;it;0;ms;215.759;MonetDB;output;240312;
[query];id;1340;it;0;ms;3909.61;MonetDB;output;4747148;
[query];id;1341;it;0;ms;3854.47;MonetDB;output;4747148;
[query];id;1342;it;0;ms;3878.59;MonetDB;output;4747148;
[query];id;1343;it;0;ms;589.713;MonetDB;output;710129;
[query];id;1344;it;0;ms;558.348;MonetDB;output;669986;
[query];id;1345;it;0;ms;565.894;MonetDB;output;665951;
[query];id;1346;it;0;ms;3875.11;MonetDB;output;4747148;
[query];id;1347;it;0;ms;591.417;MonetDB;output;710129;
[query];id;1348;it;0;ms;1157.82;MonetDB;output;1380115;
[query];id;1349;it;0;ms;1693.83;MonetDB;output;2046066;
[query];id;1350;it;0;ms;2237.21;MonetDB;output;2704266;
[query];id;1351;it;0;ms;2131.77;MonetDB;output;7529;
[query];id;1352;it;0;ms;3889.38;MonetDB;output;4747148;
[query];id;1353;it;0;ms;3876.22;MonetDB;output;4747148;
[query];id;1354;it;0;ms;3864.79;MonetDB;output;4747148;
[query];id;1355;it;0;ms;3875.33;MonetDB;output;4747148;
[query];id;1356;it;0;ms;3872.46;MonetDB;output;4747148;
[query];id;1357;it;0;ms;3878.53;MonetDB;output;4747148;
[query];id;1358;it;0;ms;3868.7;MonetDB;output;4747148;
[query];id;1359;it;0;ms;3894.79;MonetDB;output;4747148;
[query];id;1360;it;0;ms;173.06;MonetDB;output;196438;
[query];id;1361;it;0;ms;87.9164;MonetDB;output;25717;
[query];id;1362;it;0;ms;3908.35;MonetDB;output;4747148;
[query];id;1363;it;0;ms;3891.3;MonetDB;output;4747148;
[query];id;1364;it;0;ms;113.453;MonetDB;output;120077;
[query];id;1365;it;0;ms;213.59;MonetDB;output;246808;
[query];id;1366;it;0;ms;218.321;MonetDB;output;249538;
[query];id;1367;it;0;ms;3885.57;MonetDB;output;4747148;
[query];id;1368;it;0;ms;3906.2;MonetDB;output;4747148;
[query];id;1369;it;0;ms;556.854;MonetDB;output;658200;
[query];id;1370;it;0;ms;25.8786;MonetDB;output;16491;
[query];id;1371;it;0;ms;553.046;MonetDB;output;658200;
[query];id;1372;it;0;ms;3858.39;MonetDB;output;4747148;
[query];id;1373;it;0;ms;3866.35;MonetDB;output;4747148;
[query];id;1374;it;0;ms;3860.61;MonetDB;output;4747148;
[query];id;1375;it;0;ms;132.114;MonetDB;output;142475;
[query];id;1376;it;0;ms;111.147;MonetDB;output;120077;
[query];id;1377;it;0;ms;174.665;MonetDB;output;203357;
[query];id;1378;it;0;ms;207.879;MonetDB;output;238399;
[query];id;1379;it;0;ms;213.018;MonetDB;output;246808;
[query];id;1380;it;0;ms;111.135;MonetDB;output;116915;
[query];id;1381;it;0;ms;130.019;MonetDB;output;142475;
[query];id;1382;it;0;ms;208.631;MonetDB;output;241838;
[query];id;1383;it;0;ms;3887.83;MonetDB;output;4747148;
[query];id;1384;it;0;ms;3859.67;MonetDB;output;4747148;
[query];id;1385;it;0;ms;122.076;MonetDB;output;135455;
[query];id;1386;it;0;ms;160.258;MonetDB;output;170378;
[query];id;1387;it;0;ms;3692.09;MonetDB;output;0;
[query];id;1388;it;0;ms;3704.43;MonetDB;output;0;
[query];id;1389;it;0;ms;198.694;MonetDB;output;0;
[query];id;1390;it;0;ms;3881.98;MonetDB;output;4747148;
[query];id;1391;it;0;ms;3860.65;MonetDB;output;4747148;
[query];id;1392;it;0;ms;125.189;MonetDB;output;116915;
[query];id;1393;it;0;ms;174.617;MonetDB;output;196438;
[query];id;1394;it;0;ms;210.69;MonetDB;output;238399;
[query];id;1395;it;0;ms;209.677;MonetDB;output;246808;
[query];id;1396;it;0;ms;3904.82;MonetDB;output;4747148;
[query];id;1397;it;0;ms;3872.29;MonetDB;output;4747148;
[query];id;1398;it;0;ms;213.842;MonetDB;output;240312;
[query];id;1399;it;0;ms;213.244;MonetDB;output;244503;
[query];id;1400;it;0;ms;3916.87;MonetDB;output;4747148;
[query];id;1401;it;0;ms;199.926;MonetDB;output;226596;
[query];id;1402;it;0;ms;150.725;MonetDB;output;170378;
[query];id;1403;it;0;ms;208.793;MonetDB;output;240312;
[query];id;1404;it;0;ms;211.918;MonetDB;output;241838;
[query];id;1405;it;0;ms;214.124;MonetDB;output;244503;
[query];id;1406;it;0;ms;115.615;MonetDB;output;116915;
[query];id;1407;it;0;ms;187.788;MonetDB;output;211702;
[query];id;1408;it;0;ms;3883.22;MonetDB;output;4747148;
[query];id;1409;it;0;ms;3868.79;MonetDB;output;4747148;
[query];id;1410;it;0;ms;135.286;MonetDB;output;150075;
[query];id;1411;it;0;ms;173.81;MonetDB;output;196438;
[query];id;1412;it;0;ms;218.379;MonetDB;output;249538;
[query];id;1413;it;0;ms;212.583;MonetDB;output;235767;
[query];id;1414;it;0;ms;205.34;MonetDB;output;226596;
[query];id;1415;it;0;ms;118.524;MonetDB;output;124118;
[query];id;1416;it;0;ms;206.826;MonetDB;output;235767;
[query];id;1417;it;0;ms;212.377;MonetDB;output;246808;
[query];id;1418;it;0;ms;208.263;MonetDB;output;240312;
[query];id;1419;it;0;ms;149.274;MonetDB;output;170378;
[query];id;1420;it;0;ms;194.608;MonetDB;output;224870;
[query];id;1421;it;0;ms;3859.42;MonetDB;output;4747148;
[query];id;1422;it;0;ms;3888.04;MonetDB;output;4747148;
[query];id;1423;it;0;ms;3875.17;MonetDB;output;4747148;
[query];id;1424;it;0;ms;3874.88;MonetDB;output;4747148;
[query];id;1425;it;0;ms;3870.8;MonetDB;output;4747148;
[query];id;1426;it;0;ms;3876.95;MonetDB;output;4747148;
